playerNr,groupNr,subjectNr,groupNrStart,currentGroupSize,period,onPage,connected,tStart,lastActionTime,ipaddress,ipaddress_part,location,waitMore,lobbyReady,enterLobby,role,wait_248374ready,wait_248375ready,wait_248376ready,wait_248377ready,wait_248378ready,wait_248379ready,wait_248380ready,wait_248381ready,wait_248382ready,wait_248383ready,wait_248384ready,wait_248385ready,wait_248386ready,wait_248388ready,wait_248389ready,wait_248390ready,wait_248391ready,wait_248392ready,wait_248393ready,wait_248394ready,wait_248395ready,wait_248396ready,wait_248397ready,wait_248398ready,wait_248399ready,wait_248400ready,wait_248401ready,wait_248402ready,wait_248403ready,wait_248404ready,wait_248405ready,wait_248406ready,wait_248520ready,wait_lastInPeriod,periodReady,leftExperiment,experimentTerminated,groupAborted
1,0,0,0,0,20,Collect payment,0,1603997354,1603997398,1f59cfd5b31f62ec2affb7393d66f57e,108.187.20,37.751#-97.822,0,NA,NA,1,NA,NA,NA,NA,NA,NA,NA,NA,NA,NA,NA,NA,NA,NA,NA,NA,NA,NA,NA,NA,NA,NA,NA,NA,NA,NA,NA,NA,NA,NA,NA,NA,NA,NA,0,NA,NA,NA
2,0,0,0,0,0,NA,NA,0,0,b800cc1184141f10948b1e1ac71b57f3,73.87.65.6,39.1546#-75.4953,0,NA,NA,NA,NA,NA,NA,NA,NA,NA,NA,NA,NA,NA,NA,NA,NA,NA,NA,NA,NA,NA,NA,NA,NA,NA,NA,NA,NA,NA,NA,NA,NA,NA,NA,NA,NA,NA,NA,NA,NA,NA
3,0,0,0,0,20,Collect payment,0,1603997374,1603997393,5d519e2007a12b6d76ed14e59f8437b3,69.61.79.1,37.751#-97.822,0,NA,NA,1,NA,NA,NA,NA,NA,NA,NA,NA,NA,NA,NA,NA,NA,NA,NA,NA,NA,NA,NA,NA,NA,NA,NA,NA,NA,NA,NA,NA,NA,NA,NA,NA,NA,NA,0,NA,NA,NA
4,0,0,0,0,20,Collect payment,0,1603997838,1603997991,b191bd1047844df733329f96ea7cf5cb,24.90.215.,40.7465#-73.909,0,NA,NA,1,NA,NA,NA,NA,NA,NA,NA,NA,NA,NA,NA,NA,NA,NA,NA,NA,NA,NA,NA,NA,NA,NA,NA,NA,NA,NA,NA,NA,NA,NA,NA,NA,NA,NA,0,NA,NA,NA
5,0,0,0,0,20,Collect payment,0,1603998135,1603998151,a54d5f230da2662f5b0b385553071d13,174.62.249,42.0825#-72.5621,0,NA,NA,1,NA,NA,NA,NA,NA,NA,NA,NA,NA,NA,NA,NA,NA,NA,NA,NA,NA,NA,NA,NA,NA,NA,NA,NA,NA,NA,NA,NA,NA,NA,NA,NA,NA,NA,0,NA,NA,NA
6,0,0,0,0,20,Collect payment,0,1603998122,1603998161,ea0c6e2e1719dc6b0fe3a2433670017e,96.245.115,40.38#-75.2718,0,NA,NA,1,NA,NA,NA,NA,NA,NA,NA,NA,NA,NA,NA,NA,NA,NA,NA,NA,NA,NA,NA,NA,NA,NA,NA,NA,NA,NA,NA,NA,NA,NA,NA,NA,NA,NA,0,NA,NA,NA
7,0,0,0,0,20,Collect payment,0,1603997745,1603997755,56516fda750ebd9b006f4ace136008c1,173.91.82.,41.9896#-80.3178,0,NA,NA,1,NA,NA,NA,NA,NA,NA,NA,NA,NA,NA,NA,NA,NA,NA,NA,NA,NA,NA,NA,NA,NA,NA,NA,NA,NA,NA,NA,NA,NA,NA,NA,NA,NA,NA,0,NA,NA,NA
8,0,0,0,0,20,Collect payment,0,1603998717,1603998797,42ed2e4a8f2ad6982be59e411c03886b,75.189.57.,34.1416#-80.8886,0,NA,NA,1,NA,NA,NA,NA,NA,NA,NA,NA,NA,NA,NA,NA,NA,NA,NA,NA,NA,NA,NA,NA,NA,NA,NA,NA,NA,NA,NA,NA,NA,NA,NA,NA,NA,NA,0,NA,NA,NA
9,0,0,0,0,20,Collect payment,0,1604000053,1604001494,a39654d499410177c518588ff031cca9,156.146.59,37.751#-97.822,0,NA,NA,1,NA,NA,NA,NA,NA,NA,NA,NA,NA,NA,NA,NA,NA,NA,NA,NA,NA,NA,NA,NA,NA,NA,NA,NA,NA,NA,NA,NA,NA,NA,NA,NA,NA,NA,0,NA,NA,NA
10,0,0,0,0,20,Collect payment,0,1603998833,1603998867,a86538b4518c38bc5669b491f77e15f0,172.58.19.,33.8405#-117.9526,0,NA,NA,1,NA,NA,NA,NA,NA,NA,NA,NA,NA,NA,NA,NA,NA,NA,NA,NA,NA,NA,NA,NA,NA,NA,NA,NA,NA,NA,NA,NA,NA,NA,NA,NA,NA,NA,0,NA,NA,NA
11,0,0,0,0,20,Collect payment,0,1603998592,1603998607,2ea27933f1bd63d3977f36cd81ffadd0,206.125.85,44.4874#-123.9567,0,NA,NA,1,NA,NA,NA,NA,NA,NA,NA,NA,NA,NA,NA,NA,NA,NA,NA,NA,NA,NA,NA,NA,NA,NA,NA,NA,NA,NA,NA,NA,NA,NA,NA,NA,NA,NA,0,NA,NA,NA
12,0,0,0,0,20,Collect payment,0,1603999315,1603999327,b0ab6fd7e0bbe32784592d463ecaf495,84.17.40.9,25.7741#-80.1817,0,NA,NA,1,NA,NA,NA,NA,NA,NA,NA,NA,NA,NA,NA,NA,NA,NA,NA,NA,NA,NA,NA,NA,NA,NA,NA,NA,NA,NA,NA,NA,NA,NA,NA,NA,NA,NA,0,NA,NA,NA
13,0,0,0,0,20,Collect payment,0,1603999548,1603999678,0eb3b654227de59284a8ba19920fec8f,70.164.51.,30.415#-91.0773,0,NA,NA,1,NA,NA,NA,NA,NA,NA,NA,NA,NA,NA,NA,NA,NA,NA,NA,NA,NA,NA,NA,NA,NA,NA,NA,NA,NA,NA,NA,NA,NA,NA,NA,NA,NA,NA,0,NA,NA,NA
14,0,0,0,0,20,Collect payment,0,1603999058,1603999088,9ebaeed9a9a9091f4769b900c0981775,100.36.62.,39.1181#-76.8396,0,NA,NA,1,NA,NA,NA,NA,NA,NA,NA,NA,NA,NA,NA,NA,NA,NA,NA,NA,NA,NA,NA,NA,NA,NA,NA,NA,NA,NA,NA,NA,NA,NA,NA,NA,NA,NA,0,NA,NA,NA
15,0,0,0,0,20,Collect payment,0,1604002879,1604002901,c3a978ede2f6e577bc375534ba9b5943,192.209.17,35.2924#-86.6447,0,NA,NA,1,NA,NA,NA,NA,NA,NA,NA,NA,NA,NA,NA,NA,NA,NA,NA,NA,NA,NA,NA,NA,NA,NA,NA,NA,NA,NA,NA,NA,NA,NA,NA,NA,NA,NA,0,NA,NA,NA
16,0,0,0,0,20,Collect payment,0,1604000564,1604000612,0d8308875491b43ddff1c12bb40615e7,63.160.143,37.751#-97.822,0,NA,NA,1,NA,NA,NA,NA,NA,NA,NA,NA,NA,NA,NA,NA,NA,NA,NA,NA,NA,NA,NA,NA,NA,NA,NA,NA,NA,NA,NA,NA,NA,NA,NA,NA,NA,NA,0,NA,NA,NA
17,0,0,0,0,20,Collect payment,0,1604000729,1604001307,e8ba892644c40b2bf66d252191ff1a32,174.101.21,39.908#-83.8354,0,NA,NA,1,NA,NA,NA,NA,NA,NA,NA,NA,NA,NA,NA,NA,NA,NA,NA,NA,NA,NA,NA,NA,NA,NA,NA,NA,NA,NA,NA,NA,NA,NA,NA,NA,NA,NA,0,NA,NA,NA
18,0,0,0,0,20,Collect payment,0,1604001088,1604001126,6223db1c8c41ad41da845114a7d24420,76.90.181.,33.8242#-118.268,0,NA,NA,1,NA,NA,NA,NA,NA,NA,NA,NA,NA,NA,NA,NA,NA,NA,NA,NA,NA,NA,NA,NA,NA,NA,NA,NA,NA,NA,NA,NA,NA,NA,NA,NA,NA,NA,0,NA,NA,NA
19,0,0,0,0,20,Collect payment,0,1604001606,1604001628,1eb93190544c70e55a760ab47414ed9c,68.104.251,33.3289#-111.8658,0,NA,NA,1,NA,NA,NA,NA,NA,NA,NA,NA,NA,NA,NA,NA,NA,NA,NA,NA,NA,NA,NA,NA,NA,NA,NA,NA,NA,NA,NA,NA,NA,NA,NA,NA,NA,NA,0,NA,NA,NA
20,0,0,0,0,20,Collect payment,0,1604003412,1604003431,b730a11017d965d5c36221e92888ff2f,66.44.33.1,38.9392#-77.0584,0,NA,NA,1,NA,NA,NA,NA,NA,NA,NA,NA,NA,NA,NA,NA,NA,NA,NA,NA,NA,NA,NA,NA,NA,NA,NA,NA,NA,NA,NA,NA,NA,NA,NA,NA,NA,NA,0,NA,NA,NA
21,0,0,0,0,1,practicee2,0,1604002335,1604002363,c8549f3700f3c046ad9953abc85b8b30,47.148.184,34.0349#-117.6185,0,NA,NA,1,NA,NA,NA,NA,NA,NA,NA,NA,NA,NA,NA,NA,NA,NA,NA,NA,NA,NA,NA,NA,NA,NA,NA,NA,NA,NA,NA,NA,NA,NA,NA,NA,NA,NA,0,NA,NA,NA
22,0,0,0,0,20,Collect payment,0,1604004030,1604004055,a369162174ae364579ee4bbf4a381be8,71.76.152.,36.0217#-79.7839,0,NA,NA,1,NA,NA,NA,NA,NA,NA,NA,NA,NA,NA,NA,NA,NA,NA,NA,NA,NA,NA,NA,NA,NA,NA,NA,NA,NA,NA,NA,NA,NA,NA,NA,NA,NA,NA,0,NA,NA,NA
23,0,0,0,0,20,Collect payment,0,1604004383,1604004392,3b6dc640ceaaa4201a1fcfbbd4dde7d9,174.85.250,34.8287#-86.8889,0,NA,NA,1,NA,NA,NA,NA,NA,NA,NA,NA,NA,NA,NA,NA,NA,NA,NA,NA,NA,NA,NA,NA,NA,NA,NA,NA,NA,NA,NA,NA,NA,NA,NA,NA,NA,NA,0,NA,NA,NA
24,0,0,0,0,1,Welcome,0,1604075554,1604075561,a60a01c06d4f29bc5d274fab7e128fa9,31.20.119.,51.3812#6.1737,0,NA,NA,1,NA,NA,NA,NA,NA,NA,NA,NA,NA,NA,NA,NA,NA,NA,NA,NA,NA,NA,NA,NA,NA,NA,NA,NA,NA,NA,NA,NA,NA,NA,NA,NA,NA,NA,0,NA,NA,NA
25,0,0,0,0,20,Collect payment,0,1604076120,1604076136,211385a464b2efc33374525dcf84aba6,173.70.156,40.8219#-74.42,0,NA,NA,1,NA,NA,NA,NA,NA,NA,NA,NA,NA,NA,NA,NA,NA,NA,NA,NA,NA,NA,NA,NA,NA,NA,NA,NA,NA,NA,NA,NA,NA,NA,NA,NA,NA,NA,0,NA,NA,NA
26,0,0,0,0,12,e1,0,1604076581,1604076599,d2edc0d03194884bf7acdb4b194a0176,97.81.225.,33.468#-87.0924,0,NA,NA,1,NA,NA,NA,NA,NA,NA,NA,NA,NA,NA,NA,NA,NA,NA,NA,NA,NA,NA,NA,NA,NA,NA,NA,NA,NA,NA,NA,NA,NA,NA,NA,NA,NA,NA,0,NA,NA,NA
27,0,0,0,0,20,Collect payment,0,1604076856,1604076894,ba5c7d7e8313728ac2b7a5d491c77819,72.177.183,29.4812#-98.3435,0,NA,NA,1,NA,NA,NA,NA,NA,NA,NA,NA,NA,NA,NA,NA,NA,NA,NA,NA,NA,NA,NA,NA,NA,NA,NA,NA,NA,NA,NA,NA,NA,NA,NA,NA,NA,NA,0,NA,NA,NA
28,0,0,0,0,20,Collect payment,0,1604076516,1604076560,b6e6f9b14af0b6ce748b9255fd058175,173.174.13,29.5738#-98.2292,0,NA,NA,1,NA,NA,NA,NA,NA,NA,NA,NA,NA,NA,NA,NA,NA,NA,NA,NA,NA,NA,NA,NA,NA,NA,NA,NA,NA,NA,NA,NA,NA,NA,NA,NA,NA,NA,0,NA,NA,NA
29,0,0,0,0,20,Collect payment,0,1604076409,1604076431,936ac8435f95d0527f84c6f060d4075a,99.40.49.2,40.1113#-82.9717,0,NA,NA,1,NA,NA,NA,NA,NA,NA,NA,NA,NA,NA,NA,NA,NA,NA,NA,NA,NA,NA,NA,NA,NA,NA,NA,NA,NA,NA,NA,NA,NA,NA,NA,NA,NA,NA,0,NA,NA,NA
30,0,0,0,0,20,Collect payment,0,1604076478,1604076512,74c72f01c1cbedcbde35a40ddccf4454,108.249.16,34.1911#-80.9758,0,NA,NA,1,NA,NA,NA,NA,NA,NA,NA,NA,NA,NA,NA,NA,NA,NA,NA,NA,NA,NA,NA,NA,NA,NA,NA,NA,NA,NA,NA,NA,NA,NA,NA,NA,NA,NA,0,NA,NA,NA
31,0,0,0,0,20,Collect payment,0,1604076217,1604076233,fcc63d068b80b8e9b478c812290cb4d2,76.124.47.,39.9217#-75.287,0,NA,NA,1,NA,NA,NA,NA,NA,NA,NA,NA,NA,NA,NA,NA,NA,NA,NA,NA,NA,NA,NA,NA,NA,NA,NA,NA,NA,NA,NA,NA,NA,NA,NA,NA,NA,NA,0,NA,NA,NA
32,0,0,0,0,20,Collect payment,0,1604076819,1604076894,6b5de1b23ccb53de308a6e484b30b787,108.205.23,34.8939#-81.834,0,NA,NA,1,NA,NA,NA,NA,NA,NA,NA,NA,NA,NA,NA,NA,NA,NA,NA,NA,NA,NA,NA,NA,NA,NA,NA,NA,NA,NA,NA,NA,NA,NA,NA,NA,NA,NA,0,NA,NA,NA
33,0,0,0,0,20,Collect payment,0,1604076704,1604076747,c4efae69a04118d47738d2fe7160f355,174.246.1.,47.6131#-122.2053,0,NA,NA,1,NA,NA,NA,NA,NA,NA,NA,NA,NA,NA,NA,NA,NA,NA,NA,NA,NA,NA,NA,NA,NA,NA,NA,NA,NA,NA,NA,NA,NA,NA,NA,NA,NA,NA,0,NA,NA,NA
34,0,0,0,0,20,Collect payment,0,1604078828,1604079138,6be1e156b9bd796e42c0485ece9d7886,98.229.66.,42.3364#-71.0326,0,NA,NA,1,NA,NA,NA,NA,NA,NA,NA,NA,NA,NA,NA,NA,NA,NA,NA,NA,NA,NA,NA,NA,NA,NA,NA,NA,NA,NA,NA,NA,NA,NA,NA,NA,NA,NA,0,NA,NA,NA
35,0,0,0,0,20,Collect payment,0,1604076548,1604076572,344f724c3efc538d6fbb486d68d5b35a,73.130.82.,40.3356#-75.979,0,NA,NA,1,NA,NA,NA,NA,NA,NA,NA,NA,NA,NA,NA,NA,NA,NA,NA,NA,NA,NA,NA,NA,NA,NA,NA,NA,NA,NA,NA,NA,NA,NA,NA,NA,NA,NA,0,NA,NA,NA
36,0,0,0,0,20,Collect payment,0,1604076261,1604076280,d684e0ba9d1b63d59532cd503d763610,38.68.52.1,37.751#-97.822,0,NA,NA,1,NA,NA,NA,NA,NA,NA,NA,NA,NA,NA,NA,NA,NA,NA,NA,NA,NA,NA,NA,NA,NA,NA,NA,NA,NA,NA,NA,NA,NA,NA,NA,NA,NA,NA,0,NA,NA,NA
37,0,0,0,0,20,Collect payment,0,1604076708,1604076738,f813ada66755f047a172430cd57f10c0,50.25.66.1,37.7189#-82.1931,0,NA,NA,1,NA,NA,NA,NA,NA,NA,NA,NA,NA,NA,NA,NA,NA,NA,NA,NA,NA,NA,NA,NA,NA,NA,NA,NA,NA,NA,NA,NA,NA,NA,NA,NA,NA,NA,0,NA,NA,NA
38,0,0,0,0,20,Collect payment,0,1604076915,1604077010,caa7c0b1bac1b042acb2aa5d336cab64,66.177.8.2,30.5518#-81.8181,0,NA,NA,1,NA,NA,NA,NA,NA,NA,NA,NA,NA,NA,NA,NA,NA,NA,NA,NA,NA,NA,NA,NA,NA,NA,NA,NA,NA,NA,NA,NA,NA,NA,NA,NA,NA,NA,0,NA,NA,NA
39,0,0,0,0,20,Collect payment,0,1604076540,1604076631,eb300e2b81df3d89629ffa0d4d94d441,71.63.223.,45.5496#-122.5044,0,NA,NA,1,NA,NA,NA,NA,NA,NA,NA,NA,NA,NA,NA,NA,NA,NA,NA,NA,NA,NA,NA,NA,NA,NA,NA,NA,NA,NA,NA,NA,NA,NA,NA,NA,NA,NA,0,NA,NA,NA
40,0,0,0,0,20,Collect payment,0,1604076984,1604077198,63df3df2a2dee970e5e1345226e291d9,196.17.64.,34.0544#-118.244,0,NA,NA,1,NA,NA,NA,NA,NA,NA,NA,NA,NA,NA,NA,NA,NA,NA,NA,NA,NA,NA,NA,NA,NA,NA,NA,NA,NA,NA,NA,NA,NA,NA,NA,NA,NA,NA,0,NA,NA,NA
41,0,0,0,0,20,Collect payment,0,1604076851,1604076936,232b5acc784dc7f790df0d3b58fde818,108.210.16,38.687#-121.3477,0,NA,NA,1,NA,NA,NA,NA,NA,NA,NA,NA,NA,NA,NA,NA,NA,NA,NA,NA,NA,NA,NA,NA,NA,NA,NA,NA,NA,NA,NA,NA,NA,NA,NA,NA,NA,NA,0,NA,NA,NA
42,0,0,0,0,1,Quiz,0,1604075963,1604075973,b01f310ca78c3861f4176d5998eb00d5,69.76.169.,38.9687#-94.5696,0,NA,NA,1,NA,NA,NA,NA,NA,NA,NA,NA,NA,NA,NA,NA,NA,NA,NA,NA,NA,NA,NA,NA,NA,NA,NA,NA,NA,NA,NA,NA,NA,NA,NA,NA,NA,NA,0,NA,NA,NA
43,0,0,0,0,20,Collect payment,0,1604076309,1604076325,cb0f2294c8913b2bb5625205a14ff5b1,71.8.121.1,32.5817#-97.1399,0,NA,NA,1,NA,NA,NA,NA,NA,NA,NA,NA,NA,NA,NA,NA,NA,NA,NA,NA,NA,NA,NA,NA,NA,NA,NA,NA,NA,NA,NA,NA,NA,NA,NA,NA,NA,NA,0,NA,NA,NA
44,0,0,0,0,20,Collect payment,0,1604076692,1604076728,ea5649788ed5b928c0fa9280d7682c1a,108.194.90,31.966#-90.9825,0,NA,NA,1,NA,NA,NA,NA,NA,NA,NA,NA,NA,NA,NA,NA,NA,NA,NA,NA,NA,NA,NA,NA,NA,NA,NA,NA,NA,NA,NA,NA,NA,NA,NA,NA,NA,NA,0,NA,NA,NA
45,0,0,0,0,20,Collect payment,0,1604076935,1604077028,b3f90fe097ab5de1f84870f99c6a615d,24.119.185,33.4796#-88.3528,0,NA,NA,1,NA,NA,NA,NA,NA,NA,NA,NA,NA,NA,NA,NA,NA,NA,NA,NA,NA,NA,NA,NA,NA,NA,NA,NA,NA,NA,NA,NA,NA,NA,NA,NA,NA,NA,0,NA,NA,NA
46,0,0,0,0,20,Collect payment,0,1604076568,1604076593,04724b4357ae56a9522941ca8d82c129,73.108.11.,36.0499#-83.9228,0,NA,NA,1,NA,NA,NA,NA,NA,NA,NA,NA,NA,NA,NA,NA,NA,NA,NA,NA,NA,NA,NA,NA,NA,NA,NA,NA,NA,NA,NA,NA,NA,NA,NA,NA,NA,NA,0,NA,NA,NA
47,0,0,0,0,20,Collect payment,0,1604076721,1604076932,1bb310b605fb63d0c09158c52ac42ffa,67.242.56.,44.0969#-70.1863,0,NA,NA,1,NA,NA,NA,NA,NA,NA,NA,NA,NA,NA,NA,NA,NA,NA,NA,NA,NA,NA,NA,NA,NA,NA,NA,NA,NA,NA,NA,NA,NA,NA,NA,NA,NA,NA,0,NA,NA,NA
48,0,0,0,0,20,Collect payment,0,1604077909,1604077952,96c73f72175921628564cb191406a7da,74.139.213,38.0152#-84.4894,0,NA,NA,1,NA,NA,NA,NA,NA,NA,NA,NA,NA,NA,NA,NA,NA,NA,NA,NA,NA,NA,NA,NA,NA,NA,NA,NA,NA,NA,NA,NA,NA,NA,NA,NA,NA,NA,0,NA,NA,NA
49,0,0,0,0,5,e2,0,1604076357,1604078675,570a1ac550591d4641e323226f2fee7d,104.218.19,39.7501#-104.9957,0,NA,NA,1,NA,NA,NA,NA,NA,NA,NA,NA,NA,NA,NA,NA,NA,NA,NA,NA,NA,NA,NA,NA,NA,NA,NA,NA,NA,NA,NA,NA,NA,NA,NA,NA,NA,NA,0,NA,NA,NA
50,0,0,0,0,20,Collect payment,0,1604076741,1604076773,c820940bfeb97126e32603229d17df2d,69.138.223,39.2918#-76.5922,0,NA,NA,1,NA,NA,NA,NA,NA,NA,NA,NA,NA,NA,NA,NA,NA,NA,NA,NA,NA,NA,NA,NA,NA,NA,NA,NA,NA,NA,NA,NA,NA,NA,NA,NA,NA,NA,0,NA,NA,NA
51,0,0,0,0,20,Collect payment,0,1604078417,1604078477,8be47bcc7f6bd10aa0f261e22ea3ed1a,72.18.134.,39.7501#-104.9957,0,NA,NA,1,NA,NA,NA,NA,NA,NA,NA,NA,NA,NA,NA,NA,NA,NA,NA,NA,NA,NA,NA,NA,NA,NA,NA,NA,NA,NA,NA,NA,NA,NA,NA,NA,NA,NA,0,NA,NA,NA
52,0,0,0,0,20,Collect payment,0,1604077307,1604077330,2c4857c5bf7545a93357cda3981aa9ff,71.62.217.,37.5537#-77.4602,0,NA,NA,1,NA,NA,NA,NA,NA,NA,NA,NA,NA,NA,NA,NA,NA,NA,NA,NA,NA,NA,NA,NA,NA,NA,NA,NA,NA,NA,NA,NA,NA,NA,NA,NA,NA,NA,0,NA,NA,NA
53,0,0,0,0,1,Instructions 2,0,1604076543,1604076553,7f76d947ba5c1475bf381b571e188302,76.178.28.,47.7992#-116.7393,0,NA,NA,1,NA,NA,NA,NA,NA,NA,NA,NA,NA,NA,NA,NA,NA,NA,NA,NA,NA,NA,NA,NA,NA,NA,NA,NA,NA,NA,NA,NA,NA,NA,NA,NA,NA,NA,0,NA,NA,NA
54,0,0,0,0,20,Collect payment,0,1604077211,1604077238,61edde7f8d9e57f97cb609b8c96ff465,98.25.15.4,34.1416#-80.8886,0,NA,NA,1,NA,NA,NA,NA,NA,NA,NA,NA,NA,NA,NA,NA,NA,NA,NA,NA,NA,NA,NA,NA,NA,NA,NA,NA,NA,NA,NA,NA,NA,NA,NA,NA,NA,NA,0,NA,NA,NA
55,0,0,0,0,20,Collect payment,0,1604077865,1604077909,159b714b1fcc9647e7801b789e35d12f,76.97.23.2,34.2015#-84.4222,0,NA,NA,1,NA,NA,NA,NA,NA,NA,NA,NA,NA,NA,NA,NA,NA,NA,NA,NA,NA,NA,NA,NA,NA,NA,NA,NA,NA,NA,NA,NA,NA,NA,NA,NA,NA,NA,0,NA,NA,NA
56,0,0,0,0,20,Collect payment,0,1604078118,1604078167,a61c50e4098ae2624304daca2b9292bf,73.155.184,29.8323#-95.736,0,NA,NA,1,NA,NA,NA,NA,NA,NA,NA,NA,NA,NA,NA,NA,NA,NA,NA,NA,NA,NA,NA,NA,NA,NA,NA,NA,NA,NA,NA,NA,NA,NA,NA,NA,NA,NA,0,NA,NA,NA
57,0,0,0,0,20,Collect payment,0,1604078155,1604078229,e61a2328c8da8d53ad9a9b2a4005716d,162.216.46,33.0287#-96.6826,0,NA,NA,1,NA,NA,NA,NA,NA,NA,NA,NA,NA,NA,NA,NA,NA,NA,NA,NA,NA,NA,NA,NA,NA,NA,NA,NA,NA,NA,NA,NA,NA,NA,NA,NA,NA,NA,0,NA,NA,NA
58,0,0,0,0,20,Collect payment,0,1604081857,1604081880,2a84aae4940a2837a47686b798ed927d,196.17.64.,34.0544#-118.244,0,NA,NA,1,NA,NA,NA,NA,NA,NA,NA,NA,NA,NA,NA,NA,NA,NA,NA,NA,NA,NA,NA,NA,NA,NA,NA,NA,NA,NA,NA,NA,NA,NA,NA,NA,NA,NA,0,NA,NA,NA
59,0,0,0,0,1,Welcome,0,1604076994,1604078973,0bf81bcb25773d6818563cb5e47fdf9f,76.170.197,33.816#-117.9692,0,NA,NA,1,NA,NA,NA,NA,NA,NA,NA,NA,NA,NA,NA,NA,NA,NA,NA,NA,NA,NA,NA,NA,NA,NA,NA,NA,NA,NA,NA,NA,NA,NA,NA,NA,NA,NA,0,NA,NA,NA
60,0,0,0,0,20,Collect payment,0,1604078197,1604078321,e6a2e64c736be9f3ff5a593984cf18c3,71.207.90.,40.3404#-76.7882,0,NA,NA,1,NA,NA,NA,NA,NA,NA,NA,NA,NA,NA,NA,NA,NA,NA,NA,NA,NA,NA,NA,NA,NA,NA,NA,NA,NA,NA,NA,NA,NA,NA,NA,NA,NA,NA,0,NA,NA,NA
61,0,0,0,0,20,Collect payment,0,1604078000,1604078075,32fef1adfc08d637f44bc8ff0ad2b9f2,71.9.217.9,35.7866#-84.2181,0,NA,NA,1,NA,NA,NA,NA,NA,NA,NA,NA,NA,NA,NA,NA,NA,NA,NA,NA,NA,NA,NA,NA,NA,NA,NA,NA,NA,NA,NA,NA,NA,NA,NA,NA,NA,NA,0,NA,NA,NA
62,0,0,0,0,1,Welcome,0,1604077509,1604077573,5ec76f87c32d886f50c9ecb70ea9da97,72.42.155.,61.2049#-149.8096,0,NA,NA,1,NA,NA,NA,NA,NA,NA,NA,NA,NA,NA,NA,NA,NA,NA,NA,NA,NA,NA,NA,NA,NA,NA,NA,NA,NA,NA,NA,NA,NA,NA,NA,NA,NA,NA,0,NA,NA,NA
63,0,0,0,0,1,practicee2,0,1604078992,1604079014,9d2aa7f8e857a71ada6c9f0331fba19c,199.114.21,40.1104#-83.1131,0,NA,NA,1,NA,NA,NA,NA,NA,NA,NA,NA,NA,NA,NA,NA,NA,NA,NA,NA,NA,NA,NA,NA,NA,NA,NA,NA,NA,NA,NA,NA,NA,NA,NA,NA,NA,NA,0,NA,NA,NA
64,0,0,0,0,20,Collect payment,0,1604078348,1604078379,c29a68cf1ff7885935fd567ae27cf2cd,98.187.136,36.317#-94.1568,0,NA,NA,1,NA,NA,NA,NA,NA,NA,NA,NA,NA,NA,NA,NA,NA,NA,NA,NA,NA,NA,NA,NA,NA,NA,NA,NA,NA,NA,NA,NA,NA,NA,NA,NA,NA,NA,0,NA,NA,NA
65,0,0,0,0,20,Collect payment,0,1604078963,1604078996,0b27b98156c876302eae11a213d7e22e,65.185.93.,40.8122#-81.4208,0,NA,NA,1,NA,NA,NA,NA,NA,NA,NA,NA,NA,NA,NA,NA,NA,NA,NA,NA,NA,NA,NA,NA,NA,NA,NA,NA,NA,NA,NA,NA,NA,NA,NA,NA,NA,NA,0,NA,NA,NA
66,0,0,0,0,20,Collect payment,0,1604079791,1604079809,c8be7d2713184d50b12d62c471f97db1,107.77.80.,29.772#-95.3644,0,NA,NA,1,NA,NA,NA,NA,NA,NA,NA,NA,NA,NA,NA,NA,NA,NA,NA,NA,NA,NA,NA,NA,NA,NA,NA,NA,NA,NA,NA,NA,NA,NA,NA,NA,NA,NA,0,NA,NA,NA
67,0,0,0,0,20,Collect payment,0,1604078714,1604078730,a788470cd83a79f01b6ae712d09581eb,73.73.137.,42.0469#-88.1051,0,NA,NA,1,NA,NA,NA,NA,NA,NA,NA,NA,NA,NA,NA,NA,NA,NA,NA,NA,NA,NA,NA,NA,NA,NA,NA,NA,NA,NA,NA,NA,NA,NA,NA,NA,NA,NA,0,NA,NA,NA
68,0,0,0,0,20,Collect payment,0,1604079989,1604080118,b060a87ca42d4630513e07a76ada42c3,71.10.176.,38.5482#-90.3298,0,NA,NA,1,NA,NA,NA,NA,NA,NA,NA,NA,NA,NA,NA,NA,NA,NA,NA,NA,NA,NA,NA,NA,NA,NA,NA,NA,NA,NA,NA,NA,NA,NA,NA,NA,NA,NA,0,NA,NA,NA
69,0,0,0,0,20,Collect payment,0,1604079685,1604079730,76a119ccd09928e92df9f4527acdc73a,73.136.109,29.6009#-95.224,0,NA,NA,1,NA,NA,NA,NA,NA,NA,NA,NA,NA,NA,NA,NA,NA,NA,NA,NA,NA,NA,NA,NA,NA,NA,NA,NA,NA,NA,NA,NA,NA,NA,NA,NA,NA,NA,0,NA,NA,NA
70,0,0,0,0,20,Collect payment,0,1604079131,1604079146,57a507a5bdf2944da0934ce6e138c3a9,75.91.46.6,34.4512#-84.153,0,NA,NA,1,NA,NA,NA,NA,NA,NA,NA,NA,NA,NA,NA,NA,NA,NA,NA,NA,NA,NA,NA,NA,NA,NA,NA,NA,NA,NA,NA,NA,NA,NA,NA,NA,NA,NA,0,NA,NA,NA
71,0,0,0,0,20,Collect payment,0,1604079986,1604080027,4dc8361472444bf49b68e62fd93f9cc0,67.11.173.,29.521#-98.362,0,NA,NA,1,NA,NA,NA,NA,NA,NA,NA,NA,NA,NA,NA,NA,NA,NA,NA,NA,NA,NA,NA,NA,NA,NA,NA,NA,NA,NA,NA,NA,NA,NA,NA,NA,NA,NA,0,NA,NA,NA
72,0,0,0,0,1,Quiz,0,1604078766,1604078766,99772c70d905b6537589826cfc15f41b,148.75.30.,40.7924#-74.0096,0,NA,NA,1,NA,NA,NA,NA,NA,NA,NA,NA,NA,NA,NA,NA,NA,NA,NA,NA,NA,NA,NA,NA,NA,NA,NA,NA,NA,NA,NA,NA,NA,NA,NA,NA,NA,NA,0,NA,NA,NA
73,0,0,0,0,20,Collect payment,0,1604079546,1604079579,a2f46f377322ba815f6c6ba751bd4d81,70.176.173,33.3121#-111.8213,0,NA,NA,1,NA,NA,NA,NA,NA,NA,NA,NA,NA,NA,NA,NA,NA,NA,NA,NA,NA,NA,NA,NA,NA,NA,NA,NA,NA,NA,NA,NA,NA,NA,NA,NA,NA,NA,0,NA,NA,NA
74,0,0,0,0,20,Collect payment,0,1604079380,1604079401,c6a9cc289662ae8e6864d386ed54f112,172.251.47,34.2666#-118.7643,0,NA,NA,1,NA,NA,NA,NA,NA,NA,NA,NA,NA,NA,NA,NA,NA,NA,NA,NA,NA,NA,NA,NA,NA,NA,NA,NA,NA,NA,NA,NA,NA,NA,NA,NA,NA,NA,0,NA,NA,NA
75,0,0,0,0,20,Collect payment,0,1604079780,1604079792,49aa75c3f8c5e23f43dc2909fd567ddd,50.78.227.,44.8962#-93.1036,0,NA,NA,1,NA,NA,NA,NA,NA,NA,NA,NA,NA,NA,NA,NA,NA,NA,NA,NA,NA,NA,NA,NA,NA,NA,NA,NA,NA,NA,NA,NA,NA,NA,NA,NA,NA,NA,0,NA,NA,NA
76,0,0,0,0,20,Collect payment,0,1604084056,1604084130,8eb3df6f4bfbbe040c27b30b5ba2232b,73.5.71.17,32.5317#-92.1768,0,NA,NA,1,NA,NA,NA,NA,NA,NA,NA,NA,NA,NA,NA,NA,NA,NA,NA,NA,NA,NA,NA,NA,NA,NA,NA,NA,NA,NA,NA,NA,NA,NA,NA,NA,NA,NA,0,NA,NA,NA
77,0,0,0,0,20,Collect payment,0,1604079859,1604079868,fcdb09fd5d88940a5f6eb5304fd74195,24.88.130.,35.9185#-80.5387,0,NA,NA,1,NA,NA,NA,NA,NA,NA,NA,NA,NA,NA,NA,NA,NA,NA,NA,NA,NA,NA,NA,NA,NA,NA,NA,NA,NA,NA,NA,NA,NA,NA,NA,NA,NA,NA,0,NA,NA,NA
78,0,0,0,0,1,practicee2,0,1604079698,1604079781,25726794a113696a6285b32523d7f835,199.114.21,40.1104#-83.1131,0,NA,NA,1,NA,NA,NA,NA,NA,NA,NA,NA,NA,NA,NA,NA,NA,NA,NA,NA,NA,NA,NA,NA,NA,NA,NA,NA,NA,NA,NA,NA,NA,NA,NA,NA,NA,NA,0,NA,NA,NA
79,0,0,0,0,20,Collect payment,0,1604081081,1604081146,832fc0c618e4d445b9af3466b39be61a,172.58.236,40.7238#-74.2293,0,NA,NA,1,NA,NA,NA,NA,NA,NA,NA,NA,NA,NA,NA,NA,NA,NA,NA,NA,NA,NA,NA,NA,NA,NA,NA,NA,NA,NA,NA,NA,NA,NA,NA,NA,NA,NA,0,NA,NA,NA
80,0,0,0,0,20,Collect payment,0,1604079845,1604079866,eb65d2c5679adf40ceeb5d147347dd6f,24.115.20.,40.175#-76.1817,0,NA,NA,1,NA,NA,NA,NA,NA,NA,NA,NA,NA,NA,NA,NA,NA,NA,NA,NA,NA,NA,NA,NA,NA,NA,NA,NA,NA,NA,NA,NA,NA,NA,NA,NA,NA,NA,0,NA,NA,NA
81,0,0,0,0,14,e2,0,1604082691,1604082893,b8ebaf670a99d8e54664c033b72cb7f5,167.71.245,40.8364#-74.1403,0,NA,NA,1,NA,NA,NA,NA,NA,NA,NA,NA,NA,NA,NA,NA,NA,NA,NA,NA,NA,NA,NA,NA,NA,NA,NA,NA,NA,NA,NA,NA,NA,NA,NA,NA,NA,NA,0,NA,NA,NA
82,0,0,0,0,6,e1,0,1604080205,1604080211,7a1fb09a39c8fdf97b2b47a137a35223,71.12.226.,30.4191#-90.056,0,NA,NA,1,NA,NA,NA,NA,NA,NA,NA,NA,NA,NA,NA,NA,NA,NA,NA,NA,NA,NA,NA,NA,NA,NA,NA,NA,NA,NA,NA,NA,NA,NA,NA,NA,NA,NA,0,NA,NA,NA
83,0,0,0,0,20,Collect payment,0,1604080439,1604080457,730fab81366798f15381fc6f673ebc17,98.0.44.12,43.6017#-70.2354,0,NA,NA,1,NA,NA,NA,NA,NA,NA,NA,NA,NA,NA,NA,NA,NA,NA,NA,NA,NA,NA,NA,NA,NA,NA,NA,NA,NA,NA,NA,NA,NA,NA,NA,NA,NA,NA,0,NA,NA,NA
84,0,0,0,0,20,Collect payment,0,1604081283,1604081300,1f19e8fac289d0004ba073ccbf085c51,196.17.66.,34.0544#-118.244,0,NA,NA,1,NA,NA,NA,NA,NA,NA,NA,NA,NA,NA,NA,NA,NA,NA,NA,NA,NA,NA,NA,NA,NA,NA,NA,NA,NA,NA,NA,NA,NA,NA,NA,NA,NA,NA,0,NA,NA,NA
85,0,0,0,0,20,Collect payment,0,1604081630,1604081672,22e9b9e5d0f074f803d72d3b4e3a7923,196.17.66.,34.0544#-118.244,0,NA,NA,1,NA,NA,NA,NA,NA,NA,NA,NA,NA,NA,NA,NA,NA,NA,NA,NA,NA,NA,NA,NA,NA,NA,NA,NA,NA,NA,NA,NA,NA,NA,NA,NA,NA,NA,0,NA,NA,NA
86,0,0,0,0,20,Collect payment,0,1604081815,1604081920,fc66ad3206246500f286a5878c6e4c9b,196.17.64.,34.0544#-118.244,0,NA,NA,1,NA,NA,NA,NA,NA,NA,NA,NA,NA,NA,NA,NA,NA,NA,NA,NA,NA,NA,NA,NA,NA,NA,NA,NA,NA,NA,NA,NA,NA,NA,NA,NA,NA,NA,0,NA,NA,NA
87,0,0,0,0,0,NA,NA,0,0,bc7463453bfc2c857a6d68553d02d0d2,207.118.11,47.638#-121.9111,0,NA,NA,NA,NA,NA,NA,NA,NA,NA,NA,NA,NA,NA,NA,NA,NA,NA,NA,NA,NA,NA,NA,NA,NA,NA,NA,NA,NA,NA,NA,NA,NA,NA,NA,NA,NA,NA,NA,NA,NA,NA
88,0,0,0,0,20,Collect payment,NA,1604081464,1604081476,7cdfae43594775e621107c8ed8d379c5,68.204.203,28.5274#-81.6012,0,NA,NA,1,NA,NA,NA,NA,NA,NA,NA,NA,NA,NA,NA,NA,NA,NA,NA,NA,NA,NA,NA,NA,NA,NA,NA,NA,NA,NA,NA,NA,NA,NA,NA,NA,NA,NA,0,NA,NA,NA
89,0,0,0,0,20,Collect payment,NA,1604082305,1604082326,f0a11c31308303d6dd9be2e4e5b2ac49,23.132.80.,43.7068#-86.3142,0,NA,NA,1,NA,NA,NA,NA,NA,NA,NA,NA,NA,NA,NA,NA,NA,NA,NA,NA,NA,NA,NA,NA,NA,NA,NA,NA,NA,NA,NA,NA,NA,NA,NA,NA,NA,NA,0,NA,NA,NA
90,0,0,0,0,20,Collect payment,NA,1604082403,1604082489,fbbf6bd71b4d0c03492bcb13cdfdd694,99.138.133,35.8677#-86.4174,0,NA,NA,1,NA,NA,NA,NA,NA,NA,NA,NA,NA,NA,NA,NA,NA,NA,NA,NA,NA,NA,NA,NA,NA,NA,NA,NA,NA,NA,NA,NA,NA,NA,NA,NA,NA,NA,0,NA,NA,NA
91,0,0,0,0,20,Collect payment,0,1604082678,1604082935,74774d9baa2bffbf698411b2281e6a48,196.17.64.,34.0544#-118.244,0,NA,NA,1,NA,NA,NA,NA,NA,NA,NA,NA,NA,NA,NA,NA,NA,NA,NA,NA,NA,NA,NA,NA,NA,NA,NA,NA,NA,NA,NA,NA,NA,NA,NA,NA,NA,NA,0,NA,NA,NA
92,0,0,0,0,20,Collect payment,NA,1604082275,1604082294,a01888cdb22e14bc023bc8eb5a1cbe99,24.104.56.,40.1781#-111.5375,0,NA,NA,1,NA,NA,NA,NA,NA,NA,NA,NA,NA,NA,NA,NA,NA,NA,NA,NA,NA,NA,NA,NA,NA,NA,NA,NA,NA,NA,NA,NA,NA,NA,NA,NA,NA,NA,0,NA,NA,NA
93,0,0,0,0,20,Collect payment,0,1604084710,1604084764,16b4b5eee7d36aedefcd666da38fff5e,70.135.159,25.8502#-80.2367,0,NA,NA,1,NA,NA,NA,NA,NA,NA,NA,NA,NA,NA,NA,NA,NA,NA,NA,NA,NA,NA,NA,NA,NA,NA,NA,NA,NA,NA,NA,NA,NA,NA,NA,NA,NA,NA,0,NA,NA,NA
94,0,0,0,0,20,Collect payment,NA,1604081962,1604081978,1bc397d0fdcddaea7fda88b51c96bd3b,73.166.126,29.9762#-95.6401,0,NA,NA,1,NA,NA,NA,NA,NA,NA,NA,NA,NA,NA,NA,NA,NA,NA,NA,NA,NA,NA,NA,NA,NA,NA,NA,NA,NA,NA,NA,NA,NA,NA,NA,NA,NA,NA,0,NA,NA,NA
95,0,0,0,0,1,practicee2,NA,1604082208,1604082275,759829e6cccf4e6cf6984c756944731f,75.184.87.,36.1287#-79.4086,0,NA,NA,1,NA,NA,NA,NA,NA,NA,NA,NA,NA,NA,NA,NA,NA,NA,NA,NA,NA,NA,NA,NA,NA,NA,NA,NA,NA,NA,NA,NA,NA,NA,NA,NA,NA,NA,0,NA,NA,NA
96,0,0,0,0,20,Collect payment,0,1604083346,1604083368,a3fa21f2960566cab3f1d11a6a68e0e3,50.231.89.,37.751#-97.822,0,NA,NA,1,NA,NA,NA,NA,NA,NA,NA,NA,NA,NA,NA,NA,NA,NA,NA,NA,NA,NA,NA,NA,NA,NA,NA,NA,NA,NA,NA,NA,NA,NA,NA,NA,NA,NA,0,NA,NA,NA
97,0,0,0,0,20,Collect payment,0,1604083222,1604083249,f10092782a0e3631dbd4ca526a8558e1,75.40.24.1,32.5607#-84.8573,0,NA,NA,1,NA,NA,NA,NA,NA,NA,NA,NA,NA,NA,NA,NA,NA,NA,NA,NA,NA,NA,NA,NA,NA,NA,NA,NA,NA,NA,NA,NA,NA,NA,NA,NA,NA,NA,0,NA,NA,NA
98,0,0,0,0,0,NA,NA,0,0,7c34399826e30abc94bd8c4d24a4d937,73.17.209.,41.7599#-72.7574,0,NA,NA,NA,NA,NA,NA,NA,NA,NA,NA,NA,NA,NA,NA,NA,NA,NA,NA,NA,NA,NA,NA,NA,NA,NA,NA,NA,NA,NA,NA,NA,NA,NA,NA,NA,NA,NA,NA,NA,NA,NA
99,0,0,0,0,20,Collect payment,0,1604083952,1604083992,9fb82d826d9854771001472296a9190e,173.233.16,40.4591#-90.6805,0,NA,NA,1,NA,NA,NA,NA,NA,NA,NA,NA,NA,NA,NA,NA,NA,NA,NA,NA,NA,NA,NA,NA,NA,NA,NA,NA,NA,NA,NA,NA,NA,NA,NA,NA,NA,NA,0,NA,NA,NA
100,0,0,0,0,20,Collect payment,0,1604086506,1604086546,5da9ded94b31ff0103b99493c0d3c159,23.127.73.,30.2423#-97.7672,0,NA,NA,1,NA,NA,NA,NA,NA,NA,NA,NA,NA,NA,NA,NA,NA,NA,NA,NA,NA,NA,NA,NA,NA,NA,NA,NA,NA,NA,NA,NA,NA,NA,NA,NA,NA,NA,0,NA,NA,NA
101,0,0,0,0,20,Collect payment,0,1604084262,1604084302,e3a98597f77c873648dd99fe3f04ebd3,76.108.201,25.9381#-80.3146,0,NA,NA,1,NA,NA,NA,NA,NA,NA,NA,NA,NA,NA,NA,NA,NA,NA,NA,NA,NA,NA,NA,NA,NA,NA,NA,NA,NA,NA,NA,NA,NA,NA,NA,NA,NA,NA,0,NA,NA,NA
102,0,0,0,0,20,Collect payment,0,1604084338,1604084347,f287c534549ef0d6b9b01b2a59194840,162.40.194,35.5838#-80.864,0,NA,NA,1,NA,NA,NA,NA,NA,NA,NA,NA,NA,NA,NA,NA,NA,NA,NA,NA,NA,NA,NA,NA,NA,NA,NA,NA,NA,NA,NA,NA,NA,NA,NA,NA,NA,NA,0,NA,NA,NA
103,0,0,0,0,20,Collect payment,0,1604085167,1604085190,c4cefa5e8e2152fb09e9a150ead1cf8f,108.225.41,35.3274#-97.5556,0,NA,NA,1,NA,NA,NA,NA,NA,NA,NA,NA,NA,NA,NA,NA,NA,NA,NA,NA,NA,NA,NA,NA,NA,NA,NA,NA,NA,NA,NA,NA,NA,NA,NA,NA,NA,NA,0,NA,NA,NA
104,0,0,0,0,20,Collect payment,0,1604085923,1604085942,1e3a0c5460c83dca5f1903d5799da8c7,98.212.214,42.0128#-88.0967,0,NA,NA,1,NA,NA,NA,NA,NA,NA,NA,NA,NA,NA,NA,NA,NA,NA,NA,NA,NA,NA,NA,NA,NA,NA,NA,NA,NA,NA,NA,NA,NA,NA,NA,NA,NA,NA,0,NA,NA,NA
105,0,0,0,0,20,Collect payment,0,1604085210,1604085242,b11e3227ac1b3dcb1bce4d7c929ab17e,216.75.125,41.1236#-101.7083,0,NA,NA,1,NA,NA,NA,NA,NA,NA,NA,NA,NA,NA,NA,NA,NA,NA,NA,NA,NA,NA,NA,NA,NA,NA,NA,NA,NA,NA,NA,NA,NA,NA,NA,NA,NA,NA,0,NA,NA,NA
106,0,0,0,0,20,Collect payment,0,1604085574,1604085600,d59dd78bcc1ee95eb4ed366c75102d32,173.25.25.,44.3351#-93.9811,0,NA,NA,1,NA,NA,NA,NA,NA,NA,NA,NA,NA,NA,NA,NA,NA,NA,NA,NA,NA,NA,NA,NA,NA,NA,NA,NA,NA,NA,NA,NA,NA,NA,NA,NA,NA,NA,0,NA,NA,NA
107,0,0,0,0,20,Collect payment,0,1604085377,1604085393,d1d1dc2bab507e9029eb17df23894569,69.253.66.,40.2684#-75.3903,0,NA,NA,1,NA,NA,NA,NA,NA,NA,NA,NA,NA,NA,NA,NA,NA,NA,NA,NA,NA,NA,NA,NA,NA,NA,NA,NA,NA,NA,NA,NA,NA,NA,NA,NA,NA,NA,0,NA,NA,NA
108,0,0,0,0,20,Collect payment,0,1604085651,1604085683,a6dc68b75cb47e8cf02af19208b725a7,71.206.46.,39.494#-77.4608,0,NA,NA,1,NA,NA,NA,NA,NA,NA,NA,NA,NA,NA,NA,NA,NA,NA,NA,NA,NA,NA,NA,NA,NA,NA,NA,NA,NA,NA,NA,NA,NA,NA,NA,NA,NA,NA,0,NA,NA,NA
109,0,0,0,0,20,Collect payment,0,1604087460,1604087596,02e9bd3ca6c8e0d4c344ad98cfac4140,172.58.79.,36.2158#-115.066,0,NA,NA,1,NA,NA,NA,NA,NA,NA,NA,NA,NA,NA,NA,NA,NA,NA,NA,NA,NA,NA,NA,NA,NA,NA,NA,NA,NA,NA,NA,NA,NA,NA,NA,NA,NA,NA,0,NA,NA,NA
110,0,0,0,0,20,Collect payment,0,1604085834,1604087939,375495962995153e6ca3213df2650b9a,67.163.9.1,41.8738#-87.9668,0,NA,NA,1,NA,NA,NA,NA,NA,NA,NA,NA,NA,NA,NA,NA,NA,NA,NA,NA,NA,NA,NA,NA,NA,NA,NA,NA,NA,NA,NA,NA,NA,NA,NA,NA,NA,NA,0,NA,NA,NA
111,0,0,0,0,20,Collect payment,0,1604086428,1604086501,6148f12d7b5f6cefd5c0ac988f33528d,67.186.183,41.5774#-73.0245,0,NA,NA,1,NA,NA,NA,NA,NA,NA,NA,NA,NA,NA,NA,NA,NA,NA,NA,NA,NA,NA,NA,NA,NA,NA,NA,NA,NA,NA,NA,NA,NA,NA,NA,NA,NA,NA,0,NA,NA,NA
112,0,0,0,0,20,Collect payment,0,1604085507,1604085523,20a1f9d47b18e99a7f577aae52ac9e64,73.112.157,39.8602#-74.8247,0,NA,NA,1,NA,NA,NA,NA,NA,NA,NA,NA,NA,NA,NA,NA,NA,NA,NA,NA,NA,NA,NA,NA,NA,NA,NA,NA,NA,NA,NA,NA,NA,NA,NA,NA,NA,NA,0,NA,NA,NA
113,0,0,0,0,20,Collect payment,0,1604085426,1604085451,fcaff94b9355f610f0d142ee8f6c1d10,45.130.254,34.0544#-118.244,0,NA,NA,1,NA,NA,NA,NA,NA,NA,NA,NA,NA,NA,NA,NA,NA,NA,NA,NA,NA,NA,NA,NA,NA,NA,NA,NA,NA,NA,NA,NA,NA,NA,NA,NA,NA,NA,0,NA,NA,NA
114,0,0,0,0,20,Collect payment,0,1604085850,1604085866,3bddad2a343b05911b356a1cab0efc54,24.167.198,36.9365#-84.0901,0,NA,NA,1,NA,NA,NA,NA,NA,NA,NA,NA,NA,NA,NA,NA,NA,NA,NA,NA,NA,NA,NA,NA,NA,NA,NA,NA,NA,NA,NA,NA,NA,NA,NA,NA,NA,NA,0,NA,NA,NA
115,0,0,0,0,1,Instructions 3,0,1604085114,1604085118,283981b98f9b7b2b8c3d90e954ffaa69,74.193.11.,30.4416#-95.5394,0,NA,NA,1,NA,NA,NA,NA,NA,NA,NA,NA,NA,NA,NA,NA,NA,NA,NA,NA,NA,NA,NA,NA,NA,NA,NA,NA,NA,NA,NA,NA,NA,NA,NA,NA,NA,NA,0,NA,NA,NA
116,0,0,0,0,20,Collect payment,0,1604085614,1604085643,5b56b9154f202cbdb61d98e5d1528b93,68.46.20.7,44.8993#-92.9272,0,NA,NA,1,NA,NA,NA,NA,NA,NA,NA,NA,NA,NA,NA,NA,NA,NA,NA,NA,NA,NA,NA,NA,NA,NA,NA,NA,NA,NA,NA,NA,NA,NA,NA,NA,NA,NA,0,NA,NA,NA
117,0,0,0,0,20,Collect payment,0,1604086076,1604086144,163abaa91ba5b8be77d1cf828b8dde0b,45.50.117.,33.7615#-118.0763,0,NA,NA,1,NA,NA,NA,NA,NA,NA,NA,NA,NA,NA,NA,NA,NA,NA,NA,NA,NA,NA,NA,NA,NA,NA,NA,NA,NA,NA,NA,NA,NA,NA,NA,NA,NA,NA,0,NA,NA,NA
118,0,0,0,0,1,Instructions 3,0,1604085168,1604085192,4d832a048abff1ed29b49c7c7181c230,69.236.220,34.0582#-118.126,0,NA,NA,1,NA,NA,NA,NA,NA,NA,NA,NA,NA,NA,NA,NA,NA,NA,NA,NA,NA,NA,NA,NA,NA,NA,NA,NA,NA,NA,NA,NA,NA,NA,NA,NA,NA,NA,0,NA,NA,NA
119,0,0,0,0,1,Instructions 9,0,1604085347,1604085473,5a1de931a9183685736666d52100b9d1,50.122.158,41.4535#-74.4774,0,NA,NA,1,NA,NA,NA,NA,NA,NA,NA,NA,NA,NA,NA,NA,NA,NA,NA,NA,NA,NA,NA,NA,NA,NA,NA,NA,NA,NA,NA,NA,NA,NA,NA,NA,NA,NA,0,NA,NA,NA
120,0,0,0,0,20,Collect payment,0,1604085855,1604085864,1b836e8d8ac0605bb5b9c0b7748ac4df,108.45.78.,38.8452#-77.4651,0,NA,NA,1,NA,NA,NA,NA,NA,NA,NA,NA,NA,NA,NA,NA,NA,NA,NA,NA,NA,NA,NA,NA,NA,NA,NA,NA,NA,NA,NA,NA,NA,NA,NA,NA,NA,NA,0,NA,NA,NA
121,0,0,0,0,20,Collect payment,0,1604086133,1604086158,7ae04501132c5e0cc8eb6ae18b0dd1b5,45.51.29.8,33.762#-117.9325,0,NA,NA,1,NA,NA,NA,NA,NA,NA,NA,NA,NA,NA,NA,NA,NA,NA,NA,NA,NA,NA,NA,NA,NA,NA,NA,NA,NA,NA,NA,NA,NA,NA,NA,NA,NA,NA,0,NA,NA,NA
122,0,0,0,0,20,Collect payment,0,1604086050,1604086084,5a4baa2d0c68d7cbd348c10f349a47d4,142.129.18,34.0964#-117.9682,0,NA,NA,1,NA,NA,NA,NA,NA,NA,NA,NA,NA,NA,NA,NA,NA,NA,NA,NA,NA,NA,NA,NA,NA,NA,NA,NA,NA,NA,NA,NA,NA,NA,NA,NA,NA,NA,0,NA,NA,NA
123,0,0,0,0,20,Collect payment,0,1604086709,1604086728,b6449557088b97b27d97f74de1feb6a0,166.216.16,38.8839#-77.105,0,NA,NA,1,NA,NA,NA,NA,NA,NA,NA,NA,NA,NA,NA,NA,NA,NA,NA,NA,NA,NA,NA,NA,NA,NA,NA,NA,NA,NA,NA,NA,NA,NA,NA,NA,NA,NA,0,NA,NA,NA
124,0,0,0,0,20,Collect payment,0,1604086241,1604086260,0baa0a871144e99cdb65c5cc9ebb72a4,73.253.75.,42.4567#-71.3747,0,NA,NA,1,NA,NA,NA,NA,NA,NA,NA,NA,NA,NA,NA,NA,NA,NA,NA,NA,NA,NA,NA,NA,NA,NA,NA,NA,NA,NA,NA,NA,NA,NA,NA,NA,NA,NA,0,NA,NA,NA
125,0,0,0,0,20,Collect payment,0,1604087759,1604093352,d23816a2fbb8565a4e2881bb72b12af9,207.244.11,38.8263#-77.2111,0,NA,NA,1,NA,NA,NA,NA,NA,NA,NA,NA,NA,NA,NA,NA,NA,NA,NA,NA,NA,NA,NA,NA,NA,NA,NA,NA,NA,NA,NA,NA,NA,NA,NA,NA,NA,NA,0,NA,NA,NA
126,0,0,0,0,20,Collect payment,0,1604086492,1604086508,55cc65e9e485c0c33477a264d8c88b00,24.236.252,42.8123#-86.1421,0,NA,NA,1,NA,NA,NA,NA,NA,NA,NA,NA,NA,NA,NA,NA,NA,NA,NA,NA,NA,NA,NA,NA,NA,NA,NA,NA,NA,NA,NA,NA,NA,NA,NA,NA,NA,NA,0,NA,NA,NA
127,0,0,0,0,20,Collect payment,0,1604086968,1604087157,a0dab8a3f55110c5657e7e29afcfc578,68.118.97.,34.7828#-84.9332,0,NA,NA,1,NA,NA,NA,NA,NA,NA,NA,NA,NA,NA,NA,NA,NA,NA,NA,NA,NA,NA,NA,NA,NA,NA,NA,NA,NA,NA,NA,NA,NA,NA,NA,NA,NA,NA,0,NA,NA,NA
128,0,0,0,0,20,Collect payment,0,1604086869,1604086885,f80ff45de4107dd98b6ee303bb116b65,108.66.4.2,37.2507#-121.836,0,NA,NA,1,NA,NA,NA,NA,NA,NA,NA,NA,NA,NA,NA,NA,NA,NA,NA,NA,NA,NA,NA,NA,NA,NA,NA,NA,NA,NA,NA,NA,NA,NA,NA,NA,NA,NA,0,NA,NA,NA
129,0,0,0,0,20,Collect payment,0,1604088926,1604088948,e0dad26522b0e044afc48d1e77da8d00,216.164.19,40.6657#-75.3364,0,NA,NA,1,NA,NA,NA,NA,NA,NA,NA,NA,NA,NA,NA,NA,NA,NA,NA,NA,NA,NA,NA,NA,NA,NA,NA,NA,NA,NA,NA,NA,NA,NA,NA,NA,NA,NA,0,NA,NA,NA
130,0,0,0,0,0,NA,NA,0,0,53b7b3dbdb0871c1e96a853baf157fdf,66.195.54.,41.8882#-87.6164,0,NA,NA,NA,NA,NA,NA,NA,NA,NA,NA,NA,NA,NA,NA,NA,NA,NA,NA,NA,NA,NA,NA,NA,NA,NA,NA,NA,NA,NA,NA,NA,NA,NA,NA,NA,NA,NA,NA,NA,NA,NA
131,0,0,0,0,0,NA,NA,0,0,946cb5921fa63dfb5f6bc630b79dcf3a,205.169.39,39.9648#-83.126,0,NA,NA,NA,NA,NA,NA,NA,NA,NA,NA,NA,NA,NA,NA,NA,NA,NA,NA,NA,NA,NA,NA,NA,NA,NA,NA,NA,NA,NA,NA,NA,NA,NA,NA,NA,NA,NA,NA,NA,NA,NA
132,0,0,0,0,20,Collect payment,0,1604087197,1604087211,ae59eba758d34dbda9828c417d5c4d70,70.189.109,36.0934#-95.8791,0,NA,NA,1,NA,NA,NA,NA,NA,NA,NA,NA,NA,NA,NA,NA,NA,NA,NA,NA,NA,NA,NA,NA,NA,NA,NA,NA,NA,NA,NA,NA,NA,NA,NA,NA,NA,NA,0,NA,NA,NA
133,0,0,0,0,20,Collect payment,0,1604087572,1604087594,74d6ff9898ff05ac078424643d12bb51,69.133.33.,39.6244#-84.3764,0,NA,NA,1,NA,NA,NA,NA,NA,NA,NA,NA,NA,NA,NA,NA,NA,NA,NA,NA,NA,NA,NA,NA,NA,NA,NA,NA,NA,NA,NA,NA,NA,NA,NA,NA,NA,NA,0,NA,NA,NA
134,0,0,0,0,20,Collect payment,0,1604087361,1604087374,1f550ad92038c3eceac3022ca0ddb7c7,68.44.198.,39.6804#-86.1306,0,NA,NA,1,NA,NA,NA,NA,NA,NA,NA,NA,NA,NA,NA,NA,NA,NA,NA,NA,NA,NA,NA,NA,NA,NA,NA,NA,NA,NA,NA,NA,NA,NA,NA,NA,NA,NA,0,NA,NA,NA
135,0,0,0,0,20,Collect payment,0,1604087613,1604087631,c2db5515316bca1996468854054cbd1c,72.196.234,38.8263#-77.2111,0,NA,NA,1,NA,NA,NA,NA,NA,NA,NA,NA,NA,NA,NA,NA,NA,NA,NA,NA,NA,NA,NA,NA,NA,NA,NA,NA,NA,NA,NA,NA,NA,NA,NA,NA,NA,NA,0,NA,NA,NA
136,0,0,0,0,20,Collect payment,0,1604088061,1604088084,32c62e9504d5181313f6192c87c91a2f,75.87.141.,38.8939#-94.7067,0,NA,NA,1,NA,NA,NA,NA,NA,NA,NA,NA,NA,NA,NA,NA,NA,NA,NA,NA,NA,NA,NA,NA,NA,NA,NA,NA,NA,NA,NA,NA,NA,NA,NA,NA,NA,NA,0,NA,NA,NA
137,0,0,0,0,20,Collect payment,0,1604087947,1604087965,9795ddd0062510b4c0c90aed72ff965d,67.173.101,40.1047#-88.2062,0,NA,NA,1,NA,NA,NA,NA,NA,NA,NA,NA,NA,NA,NA,NA,NA,NA,NA,NA,NA,NA,NA,NA,NA,NA,NA,NA,NA,NA,NA,NA,NA,NA,NA,NA,NA,NA,0,NA,NA,NA
138,0,0,0,0,20,Collect payment,0,1604087487,1604087494,3da3ece3c9e6cab01eedae47c940a208,107.4.76.5,43.1819#-83.7238,0,NA,NA,1,NA,NA,NA,NA,NA,NA,NA,NA,NA,NA,NA,NA,NA,NA,NA,NA,NA,NA,NA,NA,NA,NA,NA,NA,NA,NA,NA,NA,NA,NA,NA,NA,NA,NA,0,NA,NA,NA
139,0,0,0,0,20,Collect payment,0,1604088198,1604088220,4339a7dae634f0aae278faf685051d44,98.237.48.,39.9517#-76.7064,0,NA,NA,1,NA,NA,NA,NA,NA,NA,NA,NA,NA,NA,NA,NA,NA,NA,NA,NA,NA,NA,NA,NA,NA,NA,NA,NA,NA,NA,NA,NA,NA,NA,NA,NA,NA,NA,0,NA,NA,NA
140,0,0,0,0,20,Collect payment,0,1604087758,1604087773,09cd459e377f81679eac57b1800e0794,206.74.105,34.3304#-82.3367,0,NA,NA,1,NA,NA,NA,NA,NA,NA,NA,NA,NA,NA,NA,NA,NA,NA,NA,NA,NA,NA,NA,NA,NA,NA,NA,NA,NA,NA,NA,NA,NA,NA,NA,NA,NA,NA,0,NA,NA,NA
141,0,0,0,0,20,Collect payment,0,1604087966,1604087996,a543518b5529a96145b11de64a9fbeef,71.232.87.,42.6496#-71.9267,0,NA,NA,1,NA,NA,NA,NA,NA,NA,NA,NA,NA,NA,NA,NA,NA,NA,NA,NA,NA,NA,NA,NA,NA,NA,NA,NA,NA,NA,NA,NA,NA,NA,NA,NA,NA,NA,0,NA,NA,NA
142,0,0,0,0,20,Collect payment,0,1604087822,1604087837,9a2b523db60e16106361bfc572209440,76.236.12.,43.1152#-85.5136,0,NA,NA,1,NA,NA,NA,NA,NA,NA,NA,NA,NA,NA,NA,NA,NA,NA,NA,NA,NA,NA,NA,NA,NA,NA,NA,NA,NA,NA,NA,NA,NA,NA,NA,NA,NA,NA,0,NA,NA,NA
143,0,0,0,0,20,Collect payment,0,1604088855,1604088952,73534ae88e307798575a593f988109e8,198.228.14,37.751#-97.822,0,NA,NA,1,NA,NA,NA,NA,NA,NA,NA,NA,NA,NA,NA,NA,NA,NA,NA,NA,NA,NA,NA,NA,NA,NA,NA,NA,NA,NA,NA,NA,NA,NA,NA,NA,NA,NA,0,NA,NA,NA
144,0,0,0,0,20,Collect payment,0,1604087870,1604087883,19e616326ff467dd4fb32438d47350c8,99.18.20.2,42.2385#-83.1783,0,NA,NA,1,NA,NA,NA,NA,NA,NA,NA,NA,NA,NA,NA,NA,NA,NA,NA,NA,NA,NA,NA,NA,NA,NA,NA,NA,NA,NA,NA,NA,NA,NA,NA,NA,NA,NA,0,NA,NA,NA
145,0,0,0,0,20,Collect payment,0,1604088369,1604088388,7fe0d383abd26e2c86b755b546e32bc8,47.208.10.,40.9465#-124.0834,0,NA,NA,1,NA,NA,NA,NA,NA,NA,NA,NA,NA,NA,NA,NA,NA,NA,NA,NA,NA,NA,NA,NA,NA,NA,NA,NA,NA,NA,NA,NA,NA,NA,NA,NA,NA,NA,0,NA,NA,NA
146,0,0,0,0,20,Collect payment,0,1604088337,1604088358,be406261c90565bbcd6fc1c720a903c0,104.53.166,38.6285#-90.3294,0,NA,NA,1,NA,NA,NA,NA,NA,NA,NA,NA,NA,NA,NA,NA,NA,NA,NA,NA,NA,NA,NA,NA,NA,NA,NA,NA,NA,NA,NA,NA,NA,NA,NA,NA,NA,NA,0,NA,NA,NA
147,0,0,0,0,20,Collect payment,0,1604088167,1604088176,e85d1722bbed3b28051c40f0ba65a959,68.192.105,40.6704#-73.6981,0,NA,NA,1,NA,NA,NA,NA,NA,NA,NA,NA,NA,NA,NA,NA,NA,NA,NA,NA,NA,NA,NA,NA,NA,NA,NA,NA,NA,NA,NA,NA,NA,NA,NA,NA,NA,NA,0,NA,NA,NA
148,0,0,0,0,20,Collect payment,0,1604088882,1604088903,790d28d1e62f0dd1c927d49af9e2aa0b,207.153.13,44.9402#-93.2188,0,NA,NA,1,NA,NA,NA,NA,NA,NA,NA,NA,NA,NA,NA,NA,NA,NA,NA,NA,NA,NA,NA,NA,NA,NA,NA,NA,NA,NA,NA,NA,NA,NA,NA,NA,NA,NA,0,NA,NA,NA
149,0,0,0,0,20,Collect payment,0,1604088388,1604088818,6c17cce2ea9029e44537503b83233df0,184.155.15,34.7729#-112.4736,0,NA,NA,1,NA,NA,NA,NA,NA,NA,NA,NA,NA,NA,NA,NA,NA,NA,NA,NA,NA,NA,NA,NA,NA,NA,NA,NA,NA,NA,NA,NA,NA,NA,NA,NA,NA,NA,0,NA,NA,NA
150,0,0,0,0,20,Collect payment,0,1604090610,1604090678,af0d54ebc71576386ea28825ffebaefa,24.210.45.,40.0035#-82.6726,0,NA,NA,1,NA,NA,NA,NA,NA,NA,NA,NA,NA,NA,NA,NA,NA,NA,NA,NA,NA,NA,NA,NA,NA,NA,NA,NA,NA,NA,NA,NA,NA,NA,NA,NA,NA,NA,0,NA,NA,NA
151,0,0,0,0,20,Collect payment,0,1604090389,1604104541,af34c4c9941c5456b45ef4eb1509e8d0,71.226.224,40.3699#-74.6381,0,NA,NA,1,NA,NA,NA,NA,NA,NA,NA,NA,NA,NA,NA,NA,NA,NA,NA,NA,NA,NA,NA,NA,NA,NA,NA,NA,NA,NA,NA,NA,NA,NA,NA,NA,NA,NA,0,NA,NA,NA
152,0,0,0,0,20,Collect payment,0,1604089373,1604089461,806f3bf33549e27de69fe1191147d1f5,66.169.112,32.6256#-97.3632,0,NA,NA,1,NA,NA,NA,NA,NA,NA,NA,NA,NA,NA,NA,NA,NA,NA,NA,NA,NA,NA,NA,NA,NA,NA,NA,NA,NA,NA,NA,NA,NA,NA,NA,NA,NA,NA,0,NA,NA,NA
153,0,0,0,0,20,Collect payment,0,1604088711,1604088732,9c511c189374dfd5c6fdc65ad70ba356,72.191.238,32.9522#-96.6654,0,NA,NA,1,NA,NA,NA,NA,NA,NA,NA,NA,NA,NA,NA,NA,NA,NA,NA,NA,NA,NA,NA,NA,NA,NA,NA,NA,NA,NA,NA,NA,NA,NA,NA,NA,NA,NA,0,NA,NA,NA
154,0,0,0,0,20,Collect payment,0,1604088847,1604088889,eb1df100a1283c8adcdb78e1b16fa23c,76.168.39.,34.1452#-118.4581,0,NA,NA,1,NA,NA,NA,NA,NA,NA,NA,NA,NA,NA,NA,NA,NA,NA,NA,NA,NA,NA,NA,NA,NA,NA,NA,NA,NA,NA,NA,NA,NA,NA,NA,NA,NA,NA,0,NA,NA,NA
155,0,0,0,0,20,Collect payment,0,1604089611,1604089638,9bcc10342874594f8e283b6235ec5449,209.159.15,40.7182#-74.0476,0,NA,NA,1,NA,NA,NA,NA,NA,NA,NA,NA,NA,NA,NA,NA,NA,NA,NA,NA,NA,NA,NA,NA,NA,NA,NA,NA,NA,NA,NA,NA,NA,NA,NA,NA,NA,NA,0,NA,NA,NA
156,0,0,0,0,20,Collect payment,0,1604089551,1604089567,0ff14d59f3cddd9561b354cb76f7c312,73.25.149.,45.6911#-122.585,0,NA,NA,1,NA,NA,NA,NA,NA,NA,NA,NA,NA,NA,NA,NA,NA,NA,NA,NA,NA,NA,NA,NA,NA,NA,NA,NA,NA,NA,NA,NA,NA,NA,NA,NA,NA,NA,0,NA,NA,NA
157,0,0,0,0,20,Collect payment,0,1604089166,1604089181,28b62eab7e41202bc0be0ebab1bf08ea,128.118.15,40.9417#-77.785,0,NA,NA,1,NA,NA,NA,NA,NA,NA,NA,NA,NA,NA,NA,NA,NA,NA,NA,NA,NA,NA,NA,NA,NA,NA,NA,NA,NA,NA,NA,NA,NA,NA,NA,NA,NA,NA,0,NA,NA,NA
158,0,0,0,0,20,Collect payment,0,1604089109,1604089137,c0928ea2a840678b008ee6486c2c7e78,70.176.4.1,33.5291#-112.2482,0,NA,NA,1,NA,NA,NA,NA,NA,NA,NA,NA,NA,NA,NA,NA,NA,NA,NA,NA,NA,NA,NA,NA,NA,NA,NA,NA,NA,NA,NA,NA,NA,NA,NA,NA,NA,NA,0,NA,NA,NA
159,0,0,0,0,1,Welcome,0,1604088677,1604088732,7af828048713350da73cbe52f3481c43,205.169.39,39.9648#-83.126,0,NA,NA,1,NA,NA,NA,NA,NA,NA,NA,NA,NA,NA,NA,NA,NA,NA,NA,NA,NA,NA,NA,NA,NA,NA,NA,NA,NA,NA,NA,NA,NA,NA,NA,NA,NA,NA,0,NA,NA,NA
160,0,0,0,0,1,Welcome,0,1604088862,1604088927,62f239902f1fb489621831a6256c19b2,98.22.165.,36.0432#-95.8072,0,NA,NA,1,NA,NA,NA,NA,NA,NA,NA,NA,NA,NA,NA,NA,NA,NA,NA,NA,NA,NA,NA,NA,NA,NA,NA,NA,NA,NA,NA,NA,NA,NA,NA,NA,NA,NA,0,NA,NA,NA
161,0,0,0,0,20,Collect payment,0,1604092375,1604092486,d8e690daf3182870843cb87a9c9c13c4,107.161.22,39.4556#-82.2309,0,NA,NA,1,NA,NA,NA,NA,NA,NA,NA,NA,NA,NA,NA,NA,NA,NA,NA,NA,NA,NA,NA,NA,NA,NA,NA,NA,NA,NA,NA,NA,NA,NA,NA,NA,NA,NA,0,NA,NA,NA
162,0,0,0,0,20,Collect payment,0,1604089699,1604089715,d6a394fcc0285a964765fce123c7071a,75.75.68.8,38.4025#-78.6321,0,NA,NA,1,NA,NA,NA,NA,NA,NA,NA,NA,NA,NA,NA,NA,NA,NA,NA,NA,NA,NA,NA,NA,NA,NA,NA,NA,NA,NA,NA,NA,NA,NA,NA,NA,NA,NA,0,NA,NA,NA
163,0,0,0,0,1,practice,0,1604089026,1604089030,90fd69b2b2dedb34f14ff70040bf2cd3,147.135.11,38.719#-77.7416,0,NA,NA,1,NA,NA,NA,NA,NA,NA,NA,NA,NA,NA,NA,NA,NA,NA,NA,NA,NA,NA,NA,NA,NA,NA,NA,NA,NA,NA,NA,NA,NA,NA,NA,NA,NA,NA,0,NA,NA,NA
164,0,0,0,0,1,Welcome,0,1604089118,1604090035,c5b6ab43f4eb287cab7e546f814fc60a,198.90.100,32.7638#-117.07,0,NA,NA,1,NA,NA,NA,NA,NA,NA,NA,NA,NA,NA,NA,NA,NA,NA,NA,NA,NA,NA,NA,NA,NA,NA,NA,NA,NA,NA,NA,NA,NA,NA,NA,NA,NA,NA,0,NA,NA,NA
165,0,0,0,0,20,Collect payment,0,1604090771,1604090801,a4c3e415e6211de9117bbbf7b3988505,216.246.15,43.1419#-71.2506,0,NA,NA,1,NA,NA,NA,NA,NA,NA,NA,NA,NA,NA,NA,NA,NA,NA,NA,NA,NA,NA,NA,NA,NA,NA,NA,NA,NA,NA,NA,NA,NA,NA,NA,NA,NA,NA,0,NA,NA,NA
166,0,0,0,0,20,Collect payment,0,1604090093,1604090106,951e4859ff37899bfcf6a7abc497437f,98.230.60.,30.5218#-84.2626,0,NA,NA,1,NA,NA,NA,NA,NA,NA,NA,NA,NA,NA,NA,NA,NA,NA,NA,NA,NA,NA,NA,NA,NA,NA,NA,NA,NA,NA,NA,NA,NA,NA,NA,NA,NA,NA,0,NA,NA,NA
167,0,0,0,0,20,Collect payment,0,1604090091,1604093797,35b2fad8df071a81a4f110b6acab2ee5,35.141.42.,29.1383#-80.9956,0,NA,NA,1,NA,NA,NA,NA,NA,NA,NA,NA,NA,NA,NA,NA,NA,NA,NA,NA,NA,NA,NA,NA,NA,NA,NA,NA,NA,NA,NA,NA,NA,NA,NA,NA,NA,NA,0,NA,NA,NA
168,0,0,0,0,20,Collect payment,0,1604090261,1604090274,ad483facc3d1314eccad659515bd4b9e,68.62.56.1,42.7367#-84.4758,0,NA,NA,1,NA,NA,NA,NA,NA,NA,NA,NA,NA,NA,NA,NA,NA,NA,NA,NA,NA,NA,NA,NA,NA,NA,NA,NA,NA,NA,NA,NA,NA,NA,NA,NA,NA,NA,0,NA,NA,NA
169,0,0,0,0,1,e1,0,1604090362,1604090373,00c8d52d6a8eea5b9a9419df2a31bf36,198.90.100,32.7638#-117.07,0,NA,NA,1,NA,NA,NA,NA,NA,NA,NA,NA,NA,NA,NA,NA,NA,NA,NA,NA,NA,NA,NA,NA,NA,NA,NA,NA,NA,NA,NA,NA,NA,NA,NA,NA,NA,NA,0,NA,NA,NA
170,0,0,0,0,1,Welcome,NA,1604090065,0,d9ca8d349f4af78a009958153e3c2326,66.176.72.,26.0162#-80.1955,0,NA,NA,1,NA,NA,NA,NA,NA,NA,NA,NA,NA,NA,NA,NA,NA,NA,NA,NA,NA,NA,NA,NA,NA,NA,NA,NA,NA,NA,NA,NA,NA,NA,NA,NA,NA,NA,0,NA,NA,NA
171,0,0,0,0,0,NA,NA,0,0,5b662e92bf61f8172df3f1a7088d9bea,107.72.164,29.655#-82.3226,0,NA,NA,NA,NA,NA,NA,NA,NA,NA,NA,NA,NA,NA,NA,NA,NA,NA,NA,NA,NA,NA,NA,NA,NA,NA,NA,NA,NA,NA,NA,NA,NA,NA,NA,NA,NA,NA,NA,NA,NA,NA
172,0,0,0,0,20,Collect payment,0,1604091456,1604091501,ca8db42a376b117b68609f90b49cec0b,107.242.11,37.751#-97.822,0,NA,NA,1,NA,NA,NA,NA,NA,NA,NA,NA,NA,NA,NA,NA,NA,NA,NA,NA,NA,NA,NA,NA,NA,NA,NA,NA,NA,NA,NA,NA,NA,NA,NA,NA,NA,NA,0,NA,NA,NA
173,0,0,0,0,20,Collect payment,0,1604091205,1604091285,c7cfe1f85a89db6d3133174b11ef6621,97.103.230,28.3056#-81.4197,0,NA,NA,1,NA,NA,NA,NA,NA,NA,NA,NA,NA,NA,NA,NA,NA,NA,NA,NA,NA,NA,NA,NA,NA,NA,NA,NA,NA,NA,NA,NA,NA,NA,NA,NA,NA,NA,0,NA,NA,NA
174,0,0,0,0,20,Collect payment,0,1604091593,1604091608,d320ca6c57f9bd67bb9b94ebe5cccde0,67.184.7.8,41.7888#-88.0916,0,NA,NA,1,NA,NA,NA,NA,NA,NA,NA,NA,NA,NA,NA,NA,NA,NA,NA,NA,NA,NA,NA,NA,NA,NA,NA,NA,NA,NA,NA,NA,NA,NA,NA,NA,NA,NA,0,NA,NA,NA
175,0,0,0,0,20,Collect payment,0,1604092791,1604092801,fd165703fae04de49cdc569b3210c25d,66.190.48.,42.5767#-88.5431,0,NA,NA,1,NA,NA,NA,NA,NA,NA,NA,NA,NA,NA,NA,NA,NA,NA,NA,NA,NA,NA,NA,NA,NA,NA,NA,NA,NA,NA,NA,NA,NA,NA,NA,NA,NA,NA,0,NA,NA,NA
176,0,0,0,0,20,Collect payment,0,1604091650,1604091675,7ca1b7bddc0d2e93e64b2db5a28c136f,73.133.52.,39.109#-77.2489,0,NA,NA,1,NA,NA,NA,NA,NA,NA,NA,NA,NA,NA,NA,NA,NA,NA,NA,NA,NA,NA,NA,NA,NA,NA,NA,NA,NA,NA,NA,NA,NA,NA,NA,NA,NA,NA,0,NA,NA,NA
177,0,0,0,0,20,Collect payment,0,1604091798,1604091820,109e1781235829b1a5bee2755675add1,72.134.252,37.751#-97.822,0,NA,NA,1,NA,NA,NA,NA,NA,NA,NA,NA,NA,NA,NA,NA,NA,NA,NA,NA,NA,NA,NA,NA,NA,NA,NA,NA,NA,NA,NA,NA,NA,NA,NA,NA,NA,NA,0,NA,NA,NA
178,0,0,0,0,1,Instructions 2,0,1604091584,1604091590,4344b1d26c60cff648425d9380e06bad,67.191.145,34.2319#-84.1627,0,NA,NA,1,NA,NA,NA,NA,NA,NA,NA,NA,NA,NA,NA,NA,NA,NA,NA,NA,NA,NA,NA,NA,NA,NA,NA,NA,NA,NA,NA,NA,NA,NA,NA,NA,NA,NA,0,NA,NA,NA
179,0,0,0,0,20,Collect payment,0,1604092683,1604092747,3e229b3f44bd2885e8b4a4795dd48e91,75.137.125,34.5258#-82.7049,0,NA,NA,1,NA,NA,NA,NA,NA,NA,NA,NA,NA,NA,NA,NA,NA,NA,NA,NA,NA,NA,NA,NA,NA,NA,NA,NA,NA,NA,NA,NA,NA,NA,NA,NA,NA,NA,0,NA,NA,NA
180,0,0,0,0,1,Welcome,0,1604091660,1604091666,062885705a25cb5e2da2faa60c0126f6,173.242.25,35.9299#-85.8046,0,NA,NA,1,NA,NA,NA,NA,NA,NA,NA,NA,NA,NA,NA,NA,NA,NA,NA,NA,NA,NA,NA,NA,NA,NA,NA,NA,NA,NA,NA,NA,NA,NA,NA,NA,NA,NA,0,NA,NA,NA
181,0,0,0,0,1,Instructions 3,0,1604091694,1604091704,22c30b479baa809ba60381312fc60401,50.25.30.1,38.9755#-80.2407,0,NA,NA,1,NA,NA,NA,NA,NA,NA,NA,NA,NA,NA,NA,NA,NA,NA,NA,NA,NA,NA,NA,NA,NA,NA,NA,NA,NA,NA,NA,NA,NA,NA,NA,NA,NA,NA,0,NA,NA,NA
182,0,0,0,0,0,NA,NA,0,0,9fada9abc4316888b51536df27e504f3,107.72.176,37.751#-97.822,0,NA,NA,NA,NA,NA,NA,NA,NA,NA,NA,NA,NA,NA,NA,NA,NA,NA,NA,NA,NA,NA,NA,NA,NA,NA,NA,NA,NA,NA,NA,NA,NA,NA,NA,NA,NA,NA,NA,NA,NA,NA
183,0,0,0,0,20,Collect payment,0,1604093173,1604093893,a0506c5b65ed89fe5122def7e1a5d2b8,172.220.22,35.4666#-79.1758,0,NA,NA,1,NA,NA,NA,NA,NA,NA,NA,NA,NA,NA,NA,NA,NA,NA,NA,NA,NA,NA,NA,NA,NA,NA,NA,NA,NA,NA,NA,NA,NA,NA,NA,NA,NA,NA,0,NA,NA,NA
184,0,0,0,0,20,Collect payment,0,1604093162,1604093201,c58679f64585ce77127aeda90f9e1f28,173.28.202,41.6344#-91.5054,0,NA,NA,1,NA,NA,NA,NA,NA,NA,NA,NA,NA,NA,NA,NA,NA,NA,NA,NA,NA,NA,NA,NA,NA,NA,NA,NA,NA,NA,NA,NA,NA,NA,NA,NA,NA,NA,0,NA,NA,NA
185,0,0,0,0,20,Collect payment,0,1604092954,1604092960,d2d0e6f58f19966744c7d8cadb230024,24.56.247.,47.5834#-122.2979,0,NA,NA,1,NA,NA,NA,NA,NA,NA,NA,NA,NA,NA,NA,NA,NA,NA,NA,NA,NA,NA,NA,NA,NA,NA,NA,NA,NA,NA,NA,NA,NA,NA,NA,NA,NA,NA,0,NA,NA,NA
186,0,0,0,0,20,Collect payment,0,1604093411,1604093429,9b41b91270659708d91608dd1685941a,70.121.186,29.5826#-98.4091,0,NA,NA,1,NA,NA,NA,NA,NA,NA,NA,NA,NA,NA,NA,NA,NA,NA,NA,NA,NA,NA,NA,NA,NA,NA,NA,NA,NA,NA,NA,NA,NA,NA,NA,NA,NA,NA,0,NA,NA,NA
187,0,0,0,0,1,Instructions 10,0,1604092791,1604092803,04a899eaa3e11facef95b93a48676dcb,24.10.33.2,39.8068#-121.867,0,NA,NA,1,NA,NA,NA,NA,NA,NA,NA,NA,NA,NA,NA,NA,NA,NA,NA,NA,NA,NA,NA,NA,NA,NA,NA,NA,NA,NA,NA,NA,NA,NA,NA,NA,NA,NA,0,NA,NA,NA
188,0,0,0,0,20,Collect payment,0,1604093408,1604093429,527569c803165324cba979587063b957,47.234.184,39.6124#-104.8804,0,NA,NA,1,NA,NA,NA,NA,NA,NA,NA,NA,NA,NA,NA,NA,NA,NA,NA,NA,NA,NA,NA,NA,NA,NA,NA,NA,NA,NA,NA,NA,NA,NA,NA,NA,NA,NA,0,NA,NA,NA
189,0,0,0,0,20,Collect payment,0,1604094658,1604094711,6d43a56b8dc707dbcc2274b5e22e331e,68.102.100,37.7667#-97.2805,0,NA,NA,1,NA,NA,NA,NA,NA,NA,NA,NA,NA,NA,NA,NA,NA,NA,NA,NA,NA,NA,NA,NA,NA,NA,NA,NA,NA,NA,NA,NA,NA,NA,NA,NA,NA,NA,0,NA,NA,NA
190,0,0,0,0,20,Collect payment,0,1604093563,1604095603,638fea87c32f2858f046882f36475603,174.125.15,30.695#-92.2697,0,NA,NA,1,NA,NA,NA,NA,NA,NA,NA,NA,NA,NA,NA,NA,NA,NA,NA,NA,NA,NA,NA,NA,NA,NA,NA,NA,NA,NA,NA,NA,NA,NA,NA,NA,NA,NA,0,NA,NA,NA
191,0,0,0,0,20,Collect payment,0,1604093614,1604093624,ad28e77e78a5def21ea5f54223b0ca8a,66.215.22.,34.0915#-118.1307,0,NA,NA,1,NA,NA,NA,NA,NA,NA,NA,NA,NA,NA,NA,NA,NA,NA,NA,NA,NA,NA,NA,NA,NA,NA,NA,NA,NA,NA,NA,NA,NA,NA,NA,NA,NA,NA,0,NA,NA,NA
192,0,0,0,0,20,Collect payment,0,1604094143,1604094174,d970a58a5c486ef4592858caa0473511,68.59.196.,35.0227#-85.2318,0,NA,NA,1,NA,NA,NA,NA,NA,NA,NA,NA,NA,NA,NA,NA,NA,NA,NA,NA,NA,NA,NA,NA,NA,NA,NA,NA,NA,NA,NA,NA,NA,NA,NA,NA,NA,NA,0,NA,NA,NA
193,0,0,0,0,20,Collect payment,0,1604094117,1604094132,929a4b613211a015af22b71d43fad863,51.81.232.,37.751#-97.822,0,NA,NA,1,NA,NA,NA,NA,NA,NA,NA,NA,NA,NA,NA,NA,NA,NA,NA,NA,NA,NA,NA,NA,NA,NA,NA,NA,NA,NA,NA,NA,NA,NA,NA,NA,NA,NA,0,NA,NA,NA
194,0,0,0,0,20,Collect payment,0,1604095640,1604095680,cd15bf6336c48443fbb81deb57d02830,205.244.36,41.6515#-75.4666,0,NA,NA,1,NA,NA,NA,NA,NA,NA,NA,NA,NA,NA,NA,NA,NA,NA,NA,NA,NA,NA,NA,NA,NA,NA,NA,NA,NA,NA,NA,NA,NA,NA,NA,NA,NA,NA,0,NA,NA,NA
195,0,0,0,0,20,Collect payment,0,1604094841,1604094859,6763a7203a4989ecb8b1c571fabe7256,173.62.161,39.854#-75.7044,0,NA,NA,1,NA,NA,NA,NA,NA,NA,NA,NA,NA,NA,NA,NA,NA,NA,NA,NA,NA,NA,NA,NA,NA,NA,NA,NA,NA,NA,NA,NA,NA,NA,NA,NA,NA,NA,0,NA,NA,NA
196,0,0,0,0,20,Collect payment,0,1604097638,1604097684,560bc5c68bd2eb28851f12aa771d319a,108.214.72,36.1915#-84.0544,0,NA,NA,1,NA,NA,NA,NA,NA,NA,NA,NA,NA,NA,NA,NA,NA,NA,NA,NA,NA,NA,NA,NA,NA,NA,NA,NA,NA,NA,NA,NA,NA,NA,NA,NA,NA,NA,0,NA,NA,NA
197,0,0,0,0,20,Collect payment,0,1604096673,1604096690,fbea0baa45088bf658a325c1de62967a,97.112.239,31.3322#-85.6022,0,NA,NA,1,NA,NA,NA,NA,NA,NA,NA,NA,NA,NA,NA,NA,NA,NA,NA,NA,NA,NA,NA,NA,NA,NA,NA,NA,NA,NA,NA,NA,NA,NA,NA,NA,NA,NA,0,NA,NA,NA
198,0,0,0,0,20,Collect payment,0,1604095348,1604095476,7281a5ff0dfe1e694e3c4a7859f81e13,184.83.121,37.751#-97.822,0,NA,NA,1,NA,NA,NA,NA,NA,NA,NA,NA,NA,NA,NA,NA,NA,NA,NA,NA,NA,NA,NA,NA,NA,NA,NA,NA,NA,NA,NA,NA,NA,NA,NA,NA,NA,NA,0,NA,NA,NA
199,0,0,0,0,0,NA,NA,0,0,30ca402844eac725a9177f5f29bf6e16,71.236.236,45.4111#-122.6871,0,NA,NA,NA,NA,NA,NA,NA,NA,NA,NA,NA,NA,NA,NA,NA,NA,NA,NA,NA,NA,NA,NA,NA,NA,NA,NA,NA,NA,NA,NA,NA,NA,NA,NA,NA,NA,NA,NA,NA,NA,NA
200,0,0,0,0,20,Collect payment,0,1604096019,1604096035,b1f51a9fb288a3440756f2887c806b63,24.91.180.,42.0681#-72.6256,0,NA,NA,1,NA,NA,NA,NA,NA,NA,NA,NA,NA,NA,NA,NA,NA,NA,NA,NA,NA,NA,NA,NA,NA,NA,NA,NA,NA,NA,NA,NA,NA,NA,NA,NA,NA,NA,0,NA,NA,NA
201,0,0,0,0,20,Collect payment,0,1604096490,1604097512,fa41977fbdb4e75ae9780f5e94b18caf,71.195.36.,44.9926#-92.9537,0,NA,NA,1,NA,NA,NA,NA,NA,NA,NA,NA,NA,NA,NA,NA,NA,NA,NA,NA,NA,NA,NA,NA,NA,NA,NA,NA,NA,NA,NA,NA,NA,NA,NA,NA,NA,NA,0,NA,NA,NA
202,0,0,0,0,20,Collect payment,0,1604097855,1604097873,d17792b46815730c7da66aedcb312f02,196.17.66.,34.0544#-118.244,0,NA,NA,1,NA,NA,NA,NA,NA,NA,NA,NA,NA,NA,NA,NA,NA,NA,NA,NA,NA,NA,NA,NA,NA,NA,NA,NA,NA,NA,NA,NA,NA,NA,NA,NA,NA,NA,0,NA,NA,NA
203,0,0,0,0,20,Collect payment,0,1604097779,1604097797,aec63c68a52126376540aa4158768d9a,71.50.53.1,39.7818#-77.747,0,NA,NA,1,NA,NA,NA,NA,NA,NA,NA,NA,NA,NA,NA,NA,NA,NA,NA,NA,NA,NA,NA,NA,NA,NA,NA,NA,NA,NA,NA,NA,NA,NA,NA,NA,NA,NA,0,NA,NA,NA
204,0,0,0,0,20,Collect payment,0,1604098099,1604098127,57c82bd2c40e0d1437bf6c9acccf7f91,24.89.26.5,39.6343#-77.7337,0,NA,NA,1,NA,NA,NA,NA,NA,NA,NA,NA,NA,NA,NA,NA,NA,NA,NA,NA,NA,NA,NA,NA,NA,NA,NA,NA,NA,NA,NA,NA,NA,NA,NA,NA,NA,NA,0,NA,NA,NA
205,0,0,0,0,20,Collect payment,0,1604098718,1604100055,c0b08f5ebc887db4104c8e699a63e891,73.135.76.,38.9034#-76.9882,0,NA,NA,1,NA,NA,NA,NA,NA,NA,NA,NA,NA,NA,NA,NA,NA,NA,NA,NA,NA,NA,NA,NA,NA,NA,NA,NA,NA,NA,NA,NA,NA,NA,NA,NA,NA,NA,0,NA,NA,NA
206,0,0,0,0,1,Welcome,NA,1604098471,0,c75697d440838cc4c80259beba19c49f,142.196.24,28.6529#-81.2106,0,NA,NA,1,NA,NA,NA,NA,NA,NA,NA,NA,NA,NA,NA,NA,NA,NA,NA,NA,NA,NA,NA,NA,NA,NA,NA,NA,NA,NA,NA,NA,NA,NA,NA,NA,NA,NA,0,NA,NA,NA
207,0,0,0,0,20,Collect payment,0,1604100385,1604100413,dbe9644e3e60ab905679906d7a11fa01,23.252.188,37.978#-83.4675,0,NA,NA,1,NA,NA,NA,NA,NA,NA,NA,NA,NA,NA,NA,NA,NA,NA,NA,NA,NA,NA,NA,NA,NA,NA,NA,NA,NA,NA,NA,NA,NA,NA,NA,NA,NA,NA,0,NA,NA,NA
208,0,0,0,0,20,Collect payment,0,1604099841,1604099910,87194b7d8e965e109953ca3d5e63d756,96.33.153.,30.443#-90.4386,0,NA,NA,1,NA,NA,NA,NA,NA,NA,NA,NA,NA,NA,NA,NA,NA,NA,NA,NA,NA,NA,NA,NA,NA,NA,NA,NA,NA,NA,NA,NA,NA,NA,NA,NA,NA,NA,0,NA,NA,NA
209,0,0,0,0,20,Collect payment,0,1604100959,1604101013,0bfa91f87bba6bb9108fb0dfb17e6374,152.208.53,40.3404#-76.7882,0,NA,NA,1,NA,NA,NA,NA,NA,NA,NA,NA,NA,NA,NA,NA,NA,NA,NA,NA,NA,NA,NA,NA,NA,NA,NA,NA,NA,NA,NA,NA,NA,NA,NA,NA,NA,NA,0,NA,NA,NA
210,0,0,0,0,1,Instructions 4,0,1604100271,1604100308,eed27eb2a15833877d3d9c8059a60b2e,76.218.197,33.7697#-117.8906,0,NA,NA,1,NA,NA,NA,NA,NA,NA,NA,NA,NA,NA,NA,NA,NA,NA,NA,NA,NA,NA,NA,NA,NA,NA,NA,NA,NA,NA,NA,NA,NA,NA,NA,NA,NA,NA,0,NA,NA,NA
211,0,0,0,0,20,Collect payment,0,1604101054,1604101069,62b8b8ca13f1aa8836b9b7af7955c42b,23.126.78.,37.2117#-93.299,0,NA,NA,1,NA,NA,NA,NA,NA,NA,NA,NA,NA,NA,NA,NA,NA,NA,NA,NA,NA,NA,NA,NA,NA,NA,NA,NA,NA,NA,NA,NA,NA,NA,NA,NA,NA,NA,0,NA,NA,NA
212,0,0,0,0,20,Collect payment,0,1604101361,1604101401,db7cb5f56cd9cd5d04b860908ed41f44,160.19.3.2,37.3475#-77.3386,0,NA,NA,1,NA,NA,NA,NA,NA,NA,NA,NA,NA,NA,NA,NA,NA,NA,NA,NA,NA,NA,NA,NA,NA,NA,NA,NA,NA,NA,NA,NA,NA,NA,NA,NA,NA,NA,0,NA,NA,NA
213,0,0,0,0,20,Collect payment,0,1604102986,1604103008,5c8cf7f22d137702544497d1ecfa860f,73.189.103,37.4775#-122.4505,0,NA,NA,1,NA,NA,NA,NA,NA,NA,NA,NA,NA,NA,NA,NA,NA,NA,NA,NA,NA,NA,NA,NA,NA,NA,NA,NA,NA,NA,NA,NA,NA,NA,NA,NA,NA,NA,0,NA,NA,NA
214,0,0,0,0,1,Welcome,0,1604101504,1604101686,322712c10c327f7f73b35631afb17eca,47.203.93.,28.3022#-82.6264,0,NA,NA,1,NA,NA,NA,NA,NA,NA,NA,NA,NA,NA,NA,NA,NA,NA,NA,NA,NA,NA,NA,NA,NA,NA,NA,NA,NA,NA,NA,NA,NA,NA,NA,NA,NA,NA,0,NA,NA,NA
215,0,0,0,0,20,Collect payment,0,1604102471,1604102487,724d3ca05c02aec1190ed4cfdb26c86a,173.24.128,44.7098#-93.4129,0,NA,NA,1,NA,NA,NA,NA,NA,NA,NA,NA,NA,NA,NA,NA,NA,NA,NA,NA,NA,NA,NA,NA,NA,NA,NA,NA,NA,NA,NA,NA,NA,NA,NA,NA,NA,NA,0,NA,NA,NA
216,0,0,0,0,20,Collect payment,NA,1604105897,1604105958,b63a24eefd620b4ebe9b560c291321dd,97.81.175.,36.2178#-85.5423,0,NA,NA,1,NA,NA,NA,NA,NA,NA,NA,NA,NA,NA,NA,NA,NA,NA,NA,NA,NA,NA,NA,NA,NA,NA,NA,NA,NA,NA,NA,NA,NA,NA,NA,NA,NA,NA,0,NA,NA,NA
217,0,0,0,0,20,Collect payment,NA,1604104380,1604104405,7bf7f2cee6b342cbaf4f178f0a4e4629,174.238.18,33.4656#-111.9956,0,NA,NA,1,NA,NA,NA,NA,NA,NA,NA,NA,NA,NA,NA,NA,NA,NA,NA,NA,NA,NA,NA,NA,NA,NA,NA,NA,NA,NA,NA,NA,NA,NA,NA,NA,NA,NA,0,NA,NA,NA
218,0,0,0,0,20,Collect payment,NA,1604104964,1604105016,6479a4e3439d2aede84527f69f5a7b41,74.78.17.1,46.6828#-68.0169,0,NA,NA,1,NA,NA,NA,NA,NA,NA,NA,NA,NA,NA,NA,NA,NA,NA,NA,NA,NA,NA,NA,NA,NA,NA,NA,NA,NA,NA,NA,NA,NA,NA,NA,NA,NA,NA,0,NA,NA,NA
219,0,0,0,0,20,Collect payment,NA,1604104435,1604104450,56007f264b6542e22d6a18978e1f902d,73.150.149,40.6947#-74.2688,0,NA,NA,1,NA,NA,NA,NA,NA,NA,NA,NA,NA,NA,NA,NA,NA,NA,NA,NA,NA,NA,NA,NA,NA,NA,NA,NA,NA,NA,NA,NA,NA,NA,NA,NA,NA,NA,0,NA,NA,NA
220,0,0,0,0,20,Collect payment,NA,1604104947,1604104968,1df84fb8270283b561ab04e015f3561d,73.44.147.,41.6984#-88.0825,0,NA,NA,1,NA,NA,NA,NA,NA,NA,NA,NA,NA,NA,NA,NA,NA,NA,NA,NA,NA,NA,NA,NA,NA,NA,NA,NA,NA,NA,NA,NA,NA,NA,NA,NA,NA,NA,0,NA,NA,NA
221,0,0,0,0,20,Collect payment,NA,1604104992,1604105013,3747bbfa3ca1943146d5a52f4a136d8c,98.144.145,42.7256#-87.8588,0,NA,NA,1,NA,NA,NA,NA,NA,NA,NA,NA,NA,NA,NA,NA,NA,NA,NA,NA,NA,NA,NA,NA,NA,NA,NA,NA,NA,NA,NA,NA,NA,NA,NA,NA,NA,NA,0,NA,NA,NA
222,0,0,0,0,1,Quiz,NA,1604105537,1604105547,f9f77e80183d413444c0683fe42fd8ed,98.245.37.,39.7321#-104.9555,0,NA,NA,1,NA,NA,NA,NA,NA,NA,NA,NA,NA,NA,NA,NA,NA,NA,NA,NA,NA,NA,NA,NA,NA,NA,NA,NA,NA,NA,NA,NA,NA,NA,NA,NA,NA,NA,0,NA,NA,NA
223,0,0,0,0,20,Collect payment,NA,1604106012,1604106040,c744b1809f648b501d9e806ffef19173,24.185.179,40.7588#-73.5661,0,NA,NA,1,NA,NA,NA,NA,NA,NA,NA,NA,NA,NA,NA,NA,NA,NA,NA,NA,NA,NA,NA,NA,NA,NA,NA,NA,NA,NA,NA,NA,NA,NA,NA,NA,NA,NA,0,NA,NA,NA
224,0,0,0,0,20,Collect payment,NA,1604107146,1604107197,5227473327334acd8cf33ff2b8607a68,23.252.150,43.1479#-93.0002,0,NA,NA,1,NA,NA,NA,NA,NA,NA,NA,NA,NA,NA,NA,NA,NA,NA,NA,NA,NA,NA,NA,NA,NA,NA,NA,NA,NA,NA,NA,NA,NA,NA,NA,NA,NA,NA,0,NA,NA,NA
225,0,0,0,0,20,Collect payment,NA,1604107442,1604107455,99b591ddf154086faf73eab95327d6ca,108.34.21.,42.9767#-78.7959,0,NA,NA,1,NA,NA,NA,NA,NA,NA,NA,NA,NA,NA,NA,NA,NA,NA,NA,NA,NA,NA,NA,NA,NA,NA,NA,NA,NA,NA,NA,NA,NA,NA,NA,NA,NA,NA,0,NA,NA,NA
226,0,0,0,0,20,Collect payment,NA,1604106945,1604106967,ac8de20ff7efa58af448139e792434ff,73.84.122.,25.8906#-80.1784,0,NA,NA,1,NA,NA,NA,NA,NA,NA,NA,NA,NA,NA,NA,NA,NA,NA,NA,NA,NA,NA,NA,NA,NA,NA,NA,NA,NA,NA,NA,NA,NA,NA,NA,NA,NA,NA,0,NA,NA,NA
227,0,0,0,0,20,Collect payment,NA,1604107505,1604107547,394b20a23e2b7203ca165759987ed7cc,75.73.55.1,44.9015#-93.3719,0,NA,NA,1,NA,NA,NA,NA,NA,NA,NA,NA,NA,NA,NA,NA,NA,NA,NA,NA,NA,NA,NA,NA,NA,NA,NA,NA,NA,NA,NA,NA,NA,NA,NA,NA,NA,NA,0,NA,NA,NA
228,0,0,0,0,1,practicee2,NA,1604107065,1604107268,26e160a06e2edaf7e35fc2859dd716ed,107.77.173,37.751#-97.822,0,NA,NA,1,NA,NA,NA,NA,NA,NA,NA,NA,NA,NA,NA,NA,NA,NA,NA,NA,NA,NA,NA,NA,NA,NA,NA,NA,NA,NA,NA,NA,NA,NA,NA,NA,NA,NA,0,NA,NA,NA
229,0,0,0,0,20,Collect payment,NA,1604107640,1604107667,90ab473811f00b4e09c990fdf8fa7c91,98.118.137,42.7368#-78.8358,0,NA,NA,1,NA,NA,NA,NA,NA,NA,NA,NA,NA,NA,NA,NA,NA,NA,NA,NA,NA,NA,NA,NA,NA,NA,NA,NA,NA,NA,NA,NA,NA,NA,NA,NA,NA,NA,0,NA,NA,NA
230,0,0,0,0,20,Collect payment,NA,1604108434,1604108478,25e102376a9aefa732d9f6bad3ed336d,71.81.52.8,30.4191#-90.056,0,NA,NA,1,NA,NA,NA,NA,NA,NA,NA,NA,NA,NA,NA,NA,NA,NA,NA,NA,NA,NA,NA,NA,NA,NA,NA,NA,NA,NA,NA,NA,NA,NA,NA,NA,NA,NA,0,NA,NA,NA
231,0,0,0,0,20,Collect payment,NA,1604110506,1604110714,5198acfc96e7e5b53485602c9db1af27,68.102.55.,37.7007#-97.4383,0,NA,NA,1,NA,NA,NA,NA,NA,NA,NA,NA,NA,NA,NA,NA,NA,NA,NA,NA,NA,NA,NA,NA,NA,NA,NA,NA,NA,NA,NA,NA,NA,NA,NA,NA,NA,NA,0,NA,NA,NA
232,0,0,0,0,20,Collect payment,NA,1604110070,1604110098,8f05f1507bcb6c9c499af6bff71e8ebc,67.218.213,35.8597#-82.7105,0,NA,NA,1,NA,NA,NA,NA,NA,NA,NA,NA,NA,NA,NA,NA,NA,NA,NA,NA,NA,NA,NA,NA,NA,NA,NA,NA,NA,NA,NA,NA,NA,NA,NA,NA,NA,NA,0,NA,NA,NA
233,0,0,0,0,20,Collect payment,NA,1604109583,1604109607,24235ec2e225c976a089646c64f722bb,107.5.153.,43.0101#-85.7593,0,NA,NA,1,NA,NA,NA,NA,NA,NA,NA,NA,NA,NA,NA,NA,NA,NA,NA,NA,NA,NA,NA,NA,NA,NA,NA,NA,NA,NA,NA,NA,NA,NA,NA,NA,NA,NA,0,NA,NA,NA
234,0,0,0,0,20,Collect payment,NA,1604109691,1604110096,da21cf8188bb1af5bffd60c61a201869,173.23.127,37.168#-93.3039,0,NA,NA,1,NA,NA,NA,NA,NA,NA,NA,NA,NA,NA,NA,NA,NA,NA,NA,NA,NA,NA,NA,NA,NA,NA,NA,NA,NA,NA,NA,NA,NA,NA,NA,NA,NA,NA,0,NA,NA,NA
235,0,0,0,0,20,Collect payment,NA,1604111372,1604111403,15dfc8b887eef77811e797967732f760,71.91.144.,30.5178#-92.0878,0,NA,NA,1,NA,NA,NA,NA,NA,NA,NA,NA,NA,NA,NA,NA,NA,NA,NA,NA,NA,NA,NA,NA,NA,NA,NA,NA,NA,NA,NA,NA,NA,NA,NA,NA,NA,NA,0,NA,NA,NA
236,0,0,0,0,1,practicee1,NA,1604111666,1604111684,b8065270cb3e19f33f2e5fa8f9481b06,75.67.226.,42.8637#-71.5132,0,NA,NA,1,NA,NA,NA,NA,NA,NA,NA,NA,NA,NA,NA,NA,NA,NA,NA,NA,NA,NA,NA,NA,NA,NA,NA,NA,NA,NA,NA,NA,NA,NA,NA,NA,NA,NA,0,NA,NA,NA
237,0,0,0,0,20,Collect payment,NA,1604113009,1604113042,773e5b0131d67626c88c53f2972c585f,67.167.147,42.9133#-85.8145,0,NA,NA,1,NA,NA,NA,NA,NA,NA,NA,NA,NA,NA,NA,NA,NA,NA,NA,NA,NA,NA,NA,NA,NA,NA,NA,NA,NA,NA,NA,NA,NA,NA,NA,NA,NA,NA,0,NA,NA,NA
238,0,0,0,0,20,Collect payment,NA,1604113398,1604113428,88d5f7344cee9274810dd19e2e3305bd,24.127.157,42.6449#-83.4036,0,NA,NA,1,NA,NA,NA,NA,NA,NA,NA,NA,NA,NA,NA,NA,NA,NA,NA,NA,NA,NA,NA,NA,NA,NA,NA,NA,NA,NA,NA,NA,NA,NA,NA,NA,NA,NA,0,NA,NA,NA
239,0,0,0,0,1,Instructions 3,NA,1604114216,1604114232,f0f7b3eea2eb0fc50a8405c707a01dff,173.77.239,40.7428#-73.9712,0,NA,NA,1,NA,NA,NA,NA,NA,NA,NA,NA,NA,NA,NA,NA,NA,NA,NA,NA,NA,NA,NA,NA,NA,NA,NA,NA,NA,NA,NA,NA,NA,NA,NA,NA,NA,NA,0,NA,NA,NA
240,0,0,0,0,1,Welcome,NA,1604114400,1604114453,280df1d56c2b41ad7b0e1df957f7dbd6,196.17.66.,34.0544#-118.244,0,NA,NA,1,NA,NA,NA,NA,NA,NA,NA,NA,NA,NA,NA,NA,NA,NA,NA,NA,NA,NA,NA,NA,NA,NA,NA,NA,NA,NA,NA,NA,NA,NA,NA,NA,NA,NA,0,NA,NA,NA
241,0,0,0,0,20,Collect payment,NA,1604115843,1604121225,3e0647d2079b3502c339153b566354ca,157.49.236,12.9721#77.5933,0,NA,NA,1,NA,NA,NA,NA,NA,NA,NA,NA,NA,NA,NA,NA,NA,NA,NA,NA,NA,NA,NA,NA,NA,NA,NA,NA,NA,NA,NA,NA,NA,NA,NA,NA,NA,NA,0,NA,NA,NA
242,0,0,0,0,20,Collect payment,NA,1604115909,1604115931,3118f3c3b6705e4404a6c22c2cdfce9d,104.231.12,41.6325#-81.4034,0,NA,NA,1,NA,NA,NA,NA,NA,NA,NA,NA,NA,NA,NA,NA,NA,NA,NA,NA,NA,NA,NA,NA,NA,NA,NA,NA,NA,NA,NA,NA,NA,NA,NA,NA,NA,NA,0,NA,NA,NA
243,0,0,0,0,20,Collect payment,NA,1604116937,1604116977,49c2f2704e456a6755c3c976a801265c,70.19.66.1,40.7961#-73.9513,0,NA,NA,1,NA,NA,NA,NA,NA,NA,NA,NA,NA,NA,NA,NA,NA,NA,NA,NA,NA,NA,NA,NA,NA,NA,NA,NA,NA,NA,NA,NA,NA,NA,NA,NA,NA,NA,0,NA,NA,NA
244,0,0,0,0,20,Collect payment,NA,1604119581,1604119612,bbdb0e5617b54fed8e42990d442c8f7e,47.35.42.1,35.1661#-120.4651,0,NA,NA,1,NA,NA,NA,NA,NA,NA,NA,NA,NA,NA,NA,NA,NA,NA,NA,NA,NA,NA,NA,NA,NA,NA,NA,NA,NA,NA,NA,NA,NA,NA,NA,NA,NA,NA,0,NA,NA,NA
245,0,0,0,0,20,Collect payment,NA,1604119683,1604119711,768e118bc214fabd8385a7f03a4c64b5,108.77.159,33.5815#-85.0803,0,NA,NA,1,NA,NA,NA,NA,NA,NA,NA,NA,NA,NA,NA,NA,NA,NA,NA,NA,NA,NA,NA,NA,NA,NA,NA,NA,NA,NA,NA,NA,NA,NA,NA,NA,NA,NA,0,NA,NA,NA
246,0,0,0,0,1,practicee2,NA,1604143046,1604143084,691c42c631bd6887ba0739d2a8a3a40b,108.252.18,38.5753#-90.2651,0,NA,NA,1,NA,NA,NA,NA,NA,NA,NA,NA,NA,NA,NA,NA,NA,NA,NA,NA,NA,NA,NA,NA,NA,NA,NA,NA,NA,NA,NA,NA,NA,NA,NA,NA,NA,NA,0,NA,NA,NA
247,0,0,0,0,20,Demographics,NA,1604150660,1604151351,ad111f7ba5b6cb8bbe7ca73cb19ab6ce,172.93.166,33.7553#-84.3886,0,NA,NA,1,NA,NA,NA,NA,NA,NA,NA,NA,NA,NA,NA,NA,NA,NA,NA,NA,NA,NA,NA,NA,NA,NA,NA,NA,NA,NA,NA,NA,NA,NA,NA,NA,NA,NA,0,NA,NA,NA
248,0,0,0,0,1,Welcome,NA,1604171640,1604171651,de46ada5d5e95de090e6baaa34dda790,65.155.30.,37.751#-97.822,0,NA,NA,1,NA,NA,NA,NA,NA,NA,NA,NA,NA,NA,NA,NA,NA,NA,NA,NA,NA,NA,NA,NA,NA,NA,NA,NA,NA,NA,NA,NA,NA,NA,NA,NA,NA,NA,0,NA,NA,NA
249,0,0,0,0,20,Collect payment,NA,1604350410,1604350423,ac8d8ce25eb6eb54323078fb3766678a,70.94.46.1,39.249#-94.4232,0,NA,NA,1,NA,NA,NA,NA,NA,NA,NA,NA,NA,NA,NA,NA,NA,NA,NA,NA,NA,NA,NA,NA,NA,NA,NA,NA,NA,NA,NA,NA,NA,NA,NA,NA,NA,NA,0,NA,NA,NA
250,0,0,0,0,2,e2,NA,1604351058,1604351060,9a25abb1e8c8a93f0d28ca1065847da8,40.142.166,31.1823#-83.7641,0,NA,NA,1,NA,NA,NA,NA,NA,NA,NA,NA,NA,NA,NA,NA,NA,NA,NA,NA,NA,NA,NA,NA,NA,NA,NA,NA,NA,NA,NA,NA,NA,NA,NA,NA,NA,NA,0,NA,NA,NA
251,0,0,0,0,1,Instructions 2,NA,1604352336,1604352340,8da2fa79bdb7c76e222189762cccef3c,50.81.148.,30.2984#-89.4625,0,NA,NA,1,NA,NA,NA,NA,NA,NA,NA,NA,NA,NA,NA,NA,NA,NA,NA,NA,NA,NA,NA,NA,NA,NA,NA,NA,NA,NA,NA,NA,NA,NA,NA,NA,NA,NA,0,NA,NA,NA
252,0,0,0,0,20,Collect payment,NA,1604353611,1604353636,78c85cd08aeb715d2420460f90bfd8eb,173.175.16,31.7775#-106.4903,0,NA,NA,1,NA,NA,NA,NA,NA,NA,NA,NA,NA,NA,NA,NA,NA,NA,NA,NA,NA,NA,NA,NA,NA,NA,NA,NA,NA,NA,NA,NA,NA,NA,NA,NA,NA,NA,0,NA,NA,NA
253,0,0,0,0,20,Collect payment,NA,1604354661,1604354685,1c13930eb6f5d01dd43d1e9a7c4711cc,100.12.194,40.7465#-73.909,0,NA,NA,1,NA,NA,NA,NA,NA,NA,NA,NA,NA,NA,NA,NA,NA,NA,NA,NA,NA,NA,NA,NA,NA,NA,NA,NA,NA,NA,NA,NA,NA,NA,NA,NA,NA,NA,0,NA,NA,NA
254,0,0,0,0,20,Collect payment,NA,1604353855,1604353871,2c5a6f84d24571a05b25e435626b6496,98.204.255,39.6249#-75.8351,0,NA,NA,1,NA,NA,NA,NA,NA,NA,NA,NA,NA,NA,NA,NA,NA,NA,NA,NA,NA,NA,NA,NA,NA,NA,NA,NA,NA,NA,NA,NA,NA,NA,NA,NA,NA,NA,0,NA,NA,NA
255,0,0,0,0,20,Collect payment,NA,1604353981,1604353994,a459c06c173689d04641f686f5b95577,76.22.5.23,48.799#-122.4499,0,NA,NA,1,NA,NA,NA,NA,NA,NA,NA,NA,NA,NA,NA,NA,NA,NA,NA,NA,NA,NA,NA,NA,NA,NA,NA,NA,NA,NA,NA,NA,NA,NA,NA,NA,NA,NA,0,NA,NA,NA
256,0,0,0,0,20,Collect payment,NA,1604357934,1604357959,93fa4c3ba4b1ecb987f8d8e4e15233f8,96.61.98.1,37.4871#-80.1704,0,NA,NA,1,NA,NA,NA,NA,NA,NA,NA,NA,NA,NA,NA,NA,NA,NA,NA,NA,NA,NA,NA,NA,NA,NA,NA,NA,NA,NA,NA,NA,NA,NA,NA,NA,NA,NA,0,NA,NA,NA
257,0,0,0,0,20,Collect payment,NA,1604359019,1604359092,166f66732dd4214589425767145c6662,73.136.7.1,29.6915#-95.0474,0,NA,NA,1,NA,NA,NA,NA,NA,NA,NA,NA,NA,NA,NA,NA,NA,NA,NA,NA,NA,NA,NA,NA,NA,NA,NA,NA,NA,NA,NA,NA,NA,NA,NA,NA,NA,NA,0,NA,NA,NA
258,0,0,0,0,20,Collect payment,NA,1604358693,1604358706,0a559b3fc02cd5d8192ff8afb0df6896,66.91.75.2,21.4535#-158.0193,0,NA,NA,1,NA,NA,NA,NA,NA,NA,NA,NA,NA,NA,NA,NA,NA,NA,NA,NA,NA,NA,NA,NA,NA,NA,NA,NA,NA,NA,NA,NA,NA,NA,NA,NA,NA,NA,0,NA,NA,NA
259,0,0,0,0,20,Collect payment,NA,1604361969,1604361990,95329a621879a7c31ce430331e1e4c08,98.210.231,37.8938#-122.5303,0,NA,NA,1,NA,NA,NA,NA,NA,NA,NA,NA,NA,NA,NA,NA,NA,NA,NA,NA,NA,NA,NA,NA,NA,NA,NA,NA,NA,NA,NA,NA,NA,NA,NA,NA,NA,NA,0,NA,NA,NA
260,0,0,0,0,20,Collect payment,NA,1604362568,1604362589,5b176e7d55bde8554c6897c04dbd2952,73.102.188,39.8685#-85.969,0,NA,NA,1,NA,NA,NA,NA,NA,NA,NA,NA,NA,NA,NA,NA,NA,NA,NA,NA,NA,NA,NA,NA,NA,NA,NA,NA,NA,NA,NA,NA,NA,NA,NA,NA,NA,NA,0,NA,NA,NA
