playerNr,groupNr,subjectNr,groupNrStart,currentGroupSize,period,onPage,connected,tStart,lastActionTime,ipaddress,ipaddress_part,location,waitMore,lobbyReady,enterLobby,role,wait_252852ready,wait_252830ready,wait_252831ready,wait_252832ready,wait_252833ready,wait_252834ready,wait_252835ready,wait_252836ready,wait_252837ready,wait_252853ready,wait_252838ready,wait_253268ready,wait_252840ready,wait_252841ready,wait_252842ready,wait_252843ready,wait_252844ready,wait_252845ready,wait_252851ready,wait_252847ready,wait_252848ready,wait_252849ready,wait_252850ready,wait_lastInPeriod,periodReady,leftExperiment,experimentTerminated,groupAborted
1,0,0,0,0,1,check,0,1606245991,1606295574,4032e59131448fca7fb0535f19f15dfe,76.27.219.,45.4407#-122.7792,0,NA,NA,1,NA,NA,NA,NA,NA,NA,NA,NA,NA,NA,NA,NA,NA,NA,NA,NA,NA,NA,NA,NA,NA,NA,NA,NA,0,NA,NA,NA
2,0,0,0,0,14,estimate 1,0,1606246535,1606246565,5da5aac690af47a9b3c5a3ca77c4dfe1,63.75.253.,37.751#-97.822,0,NA,NA,1,NA,NA,NA,NA,NA,NA,NA,NA,NA,NA,NA,NA,NA,NA,NA,NA,NA,NA,NA,NA,NA,NA,NA,NA,0,1,NA,NA
3,0,0,0,0,20,Collect payment,0,1606247243,1606247253,6acbca079cb9d88868326d79a1a7a36a,71.197.254,47.1101#-122.775,0,NA,NA,1,NA,NA,NA,NA,NA,NA,NA,NA,NA,NA,NA,NA,NA,NA,NA,NA,NA,NA,NA,NA,NA,NA,NA,NA,0,NA,NA,NA
4,0,0,0,0,20,Collect payment,0,1606247674,1606247706,cc47789000d12a653643cb9e23628925,72.17.88.3,28.6225#-81.4317,0,NA,NA,1,NA,NA,NA,NA,NA,NA,NA,NA,NA,NA,NA,NA,NA,NA,NA,NA,NA,NA,NA,NA,NA,NA,NA,NA,0,NA,NA,NA
5,0,0,0,0,1,estimate 2,0,1606247323,1606247385,671abe4878d6d23e46e408d271b8f047,174.81.129,33.7352#-87.0555,0,NA,NA,1,NA,NA,NA,NA,NA,NA,NA,NA,NA,NA,NA,NA,NA,NA,NA,NA,NA,NA,NA,NA,NA,NA,NA,NA,0,1,NA,NA
6,0,0,0,0,20,Collect payment,0,1606247909,1606247915,4ea27d719e8c1540353f539367663f39,100.34.223,40.0443#-75.6472,0,NA,NA,1,NA,NA,NA,NA,NA,NA,NA,NA,NA,NA,NA,NA,NA,NA,NA,NA,NA,NA,NA,NA,NA,NA,NA,NA,0,NA,NA,NA
7,0,0,0,0,1,check,0,1606247488,1606247720,293317fd15dbc5097152fefb71266615,68.190.113,43.0977#-89.3118,0,NA,NA,1,NA,NA,NA,NA,NA,NA,NA,NA,NA,NA,NA,NA,NA,NA,NA,NA,NA,NA,NA,NA,NA,NA,NA,NA,0,NA,NA,NA
8,0,0,0,0,20,Collect payment,0,1606248978,1606249008,2a869d1313b57ffa890a446541bbd0be,68.98.85.1,33.6325#-112.1277,0,NA,NA,1,NA,NA,NA,NA,NA,NA,NA,NA,NA,NA,NA,NA,NA,NA,NA,NA,NA,NA,NA,NA,NA,NA,NA,NA,0,NA,NA,NA
9,0,0,0,0,20,Collect payment,0,1606248651,1606248681,a4fdb7334accc3c6007d55c9c9f115f1,96.255.134,38.6438#-77.3451,0,NA,NA,1,NA,NA,NA,NA,NA,NA,NA,NA,NA,NA,NA,NA,NA,NA,NA,NA,NA,NA,NA,NA,NA,NA,NA,NA,0,NA,NA,NA
10,0,0,0,0,8,estimate 1,0,1606248539,1606248571,c6d8d0271c4387c524cb43b5a85d4411,72.177.16.,30.4032#-97.753,0,NA,NA,1,NA,NA,NA,NA,NA,NA,NA,NA,NA,NA,NA,NA,NA,NA,NA,NA,NA,NA,NA,NA,NA,NA,NA,NA,0,1,NA,NA
11,0,0,0,0,20,Collect payment,0,1606248674,1606248693,5fc174cb860e0b98cc9ce699877640b4,212.162.14,41.8777#-87.6376,0,NA,NA,1,NA,NA,NA,NA,NA,NA,NA,NA,NA,NA,NA,NA,NA,NA,NA,NA,NA,NA,NA,NA,NA,NA,NA,NA,0,NA,NA,NA
12,0,0,0,0,20,Collect payment,0,1606249318,1606249337,eb7ae44198901378b75f23506966a3a0,67.199.217,42.1545#-85.829,0,NA,NA,1,NA,NA,NA,NA,NA,NA,NA,NA,NA,NA,NA,NA,NA,NA,NA,NA,NA,NA,NA,NA,NA,NA,NA,NA,0,NA,NA,NA
13,0,0,0,0,7,estimate 1,0,1606249750,1606249780,c9e3ea7aa44807a9c525f9310a7bd515,24.102.128,40.6006#-75.4677,0,NA,NA,1,NA,NA,NA,NA,NA,NA,NA,NA,NA,NA,NA,NA,NA,NA,NA,NA,NA,NA,NA,NA,NA,NA,NA,NA,0,1,NA,NA
14,0,0,0,0,20,Collect payment,NA,1606250684,1606250774,fa0ac9b4631570d1b418a81b35eed58c,66.190.98.,32.7192#-97.4505,0,NA,NA,1,NA,NA,NA,NA,NA,NA,NA,NA,NA,NA,NA,NA,NA,NA,NA,NA,NA,NA,NA,NA,NA,NA,NA,NA,0,NA,NA,NA
15,0,0,0,0,5,estimate 2,NA,1606250546,1606250578,b3b95a2989b411760ac600cebfa88564,70.189.80.,36.0606#-95.9456,0,NA,NA,1,NA,NA,NA,NA,NA,NA,NA,NA,NA,NA,NA,NA,NA,NA,NA,NA,NA,NA,NA,NA,NA,NA,NA,NA,0,1,NA,NA
16,0,0,0,0,20,Collect payment,0,1606253996,1606254393,c18daabd27de35cf8a9779b6619f0556,68.109.61.,32.8936#-83.743,0,NA,NA,1,NA,NA,NA,NA,NA,NA,NA,NA,NA,NA,NA,NA,NA,NA,NA,NA,NA,NA,NA,NA,NA,NA,NA,NA,0,NA,NA,NA
17,0,0,0,0,1,estimate 2,NA,1606250743,1606250804,2bd5db4db000a05a861be97ed148a2e2,63.75.246.,37.751#-97.822,0,NA,NA,1,NA,NA,NA,NA,NA,NA,NA,NA,NA,NA,NA,NA,NA,NA,NA,NA,NA,NA,NA,NA,NA,NA,NA,NA,0,1,NA,NA
18,0,0,0,0,20,Collect payment,NA,1606251445,1606251476,a82e6093ec210986d8034987f3fd50a3,212.162.15,41.8777#-87.6376,0,NA,NA,1,NA,NA,NA,NA,NA,NA,NA,NA,NA,NA,NA,NA,NA,NA,NA,NA,NA,NA,NA,NA,NA,NA,NA,NA,0,NA,NA,NA
19,0,0,0,0,20,Collect payment,NA,1606252305,1606252339,29b6193e4afd37374aef51d0f62025dd,63.75.248.,37.751#-97.822,0,NA,NA,1,NA,NA,NA,NA,NA,NA,NA,NA,NA,NA,NA,NA,NA,NA,NA,NA,NA,NA,NA,NA,NA,NA,NA,NA,0,NA,NA,NA
20,0,0,0,0,16,estimate 1,NA,1606253182,1606253213,901cb5b037ff5388f0c79467d32a669d,63.75.245.,37.751#-97.822,0,NA,NA,1,NA,NA,NA,NA,NA,NA,NA,NA,NA,NA,NA,NA,NA,NA,NA,NA,NA,NA,NA,NA,NA,NA,NA,NA,0,1,NA,NA
21,0,0,0,0,20,Collect payment,0,1606254677,1606254693,6f4ef351e0dda43b0ff463c4b7725b93,64.72.108.,36.0344#-114.9705,0,NA,NA,1,NA,NA,NA,NA,NA,NA,NA,NA,NA,NA,NA,NA,NA,NA,NA,NA,NA,NA,NA,NA,NA,NA,NA,NA,0,NA,NA,NA
22,0,0,0,0,20,Collect payment,NA,1606253584,1606253600,1739ed34b37657fc8a2afcb4bba6f87c,108.36.117,39.9664#-75.1685,0,NA,NA,1,NA,NA,NA,NA,NA,NA,NA,NA,NA,NA,NA,NA,NA,NA,NA,NA,NA,NA,NA,NA,NA,NA,NA,NA,0,NA,NA,NA
23,0,0,0,0,1,check,0,1606255986,1606256267,4ae3c916bcc637fe02c79863ede187e7,196.17.65.,34.0544#-118.244,0,NA,NA,1,NA,NA,NA,NA,NA,NA,NA,NA,NA,NA,NA,NA,NA,NA,NA,NA,NA,NA,NA,NA,NA,NA,NA,NA,0,NA,NA,NA
24,0,0,0,0,20,Collect payment,NA,1606257963,1606257988,d35b21d9c27b0883f291d3b85cbd412e,74.199.31.,39.9046#-82.9703,0,NA,NA,1,NA,NA,NA,NA,NA,NA,NA,NA,NA,NA,NA,NA,NA,NA,NA,NA,NA,NA,NA,NA,NA,NA,NA,NA,0,NA,NA,NA
25,0,0,0,0,1,check,NA,1606256926,1606257032,93ebf45f9d142b0425d85e239ec558ce,71.173.204,40.275#-76.8039,0,NA,NA,1,NA,NA,NA,NA,NA,NA,NA,NA,NA,NA,NA,NA,NA,NA,NA,NA,NA,NA,NA,NA,NA,NA,NA,NA,0,NA,NA,NA
26,0,0,0,0,20,Collect payment,NA,1606258968,1606258987,13a3d11c191121823e98de25fadad6cd,73.139.72.,26.1858#-80.24,0,NA,NA,1,NA,NA,NA,NA,NA,NA,NA,NA,NA,NA,NA,NA,NA,NA,NA,NA,NA,NA,NA,NA,NA,NA,NA,NA,0,NA,NA,NA
27,0,0,0,0,12,confidence,NA,1606259033,1606259063,30c4c63e0b23c5b9fcee6617dc43ae06,63.75.243.,37.751#-97.822,0,NA,NA,1,NA,NA,NA,NA,NA,NA,NA,NA,NA,NA,NA,NA,NA,NA,NA,NA,NA,NA,NA,NA,NA,NA,NA,NA,0,1,NA,NA
28,0,0,0,0,3,estimate 2,NA,1606260970,1606261003,e889ef25b768c40b5ff36c733b76c5b5,96.244.254,39.4332#-76.6546,0,NA,NA,1,NA,NA,NA,NA,NA,NA,NA,NA,NA,NA,NA,NA,NA,NA,NA,NA,NA,NA,NA,NA,NA,NA,NA,NA,0,1,NA,NA
29,0,0,0,0,1,check,NA,1606264310,1606264687,521fa87627cd360aef94f73ae5265944,70.187.94.,29.6959#-82.4042,0,NA,NA,1,NA,NA,NA,NA,NA,NA,NA,NA,NA,NA,NA,NA,NA,NA,NA,NA,NA,NA,NA,NA,NA,NA,NA,NA,0,NA,NA,NA
30,0,0,0,0,20,Collect payment,NA,1606269689,1606269723,26158fc3388477ad58551b614bb56bff,172.58.19.,33.8405#-117.9526,0,NA,NA,1,NA,NA,NA,NA,NA,NA,NA,NA,NA,NA,NA,NA,NA,NA,NA,NA,NA,NA,NA,NA,NA,NA,NA,NA,0,NA,NA,NA
31,0,0,0,0,20,Collect payment,0,1606755342,1606755385,4bf5150bd7e25d56e88fbe6b62ffa0a2,68.174.167,40.839#-73.946,0,NA,NA,1,NA,NA,NA,NA,NA,NA,NA,NA,NA,NA,NA,NA,NA,NA,NA,NA,NA,NA,NA,NA,NA,NA,NA,NA,0,NA,NA,NA
32,0,0,0,0,1,check,0,1606754344,1606754348,c83af2e5535198368a4a58504633b28e,156.146.41,37.751#-97.822,0,NA,NA,1,NA,NA,NA,NA,NA,NA,NA,NA,NA,NA,NA,NA,NA,NA,NA,NA,NA,NA,NA,NA,NA,NA,NA,NA,0,NA,NA,NA
33,0,0,0,0,20,Collect payment,0,1606755196,1606755232,49db4f022a88e8fefca30dfef0df2a7e,24.53.64.1,37.3371#-79.2815,0,NA,NA,1,NA,NA,NA,NA,NA,NA,NA,NA,NA,NA,NA,NA,NA,NA,NA,NA,NA,NA,NA,NA,NA,NA,NA,NA,0,NA,NA,NA
34,0,0,0,0,20,Collect payment,0,1606755748,1606755782,0f0aa9c85fd810baa33771679d866382,12.14.247.,37.751#-97.822,0,NA,NA,1,NA,NA,NA,NA,NA,NA,NA,NA,NA,NA,NA,NA,NA,NA,NA,NA,NA,NA,NA,NA,NA,NA,NA,NA,0,NA,NA,NA
35,0,0,0,0,2,estimate 2,0,1606754615,1606754650,e044fe3fceb33cb9c2e1c7b064ebb3f7,192.3.31.2,42.9145#-78.8519,0,NA,NA,1,NA,NA,NA,NA,NA,NA,NA,NA,NA,NA,NA,NA,NA,NA,NA,NA,NA,NA,NA,NA,NA,NA,NA,NA,0,1,NA,NA
36,0,0,0,0,1,check,0,1606754372,1606755973,b1eeebc09ab0231d8382f7d9ac082400,97.117.150,40.5641#-111.9279,0,NA,NA,1,NA,NA,NA,NA,NA,NA,NA,NA,NA,NA,NA,NA,NA,NA,NA,NA,NA,NA,NA,NA,NA,NA,NA,NA,0,NA,NA,NA
37,0,0,0,0,9,estimate 1,0,1606754856,1606754891,56867fe4b595766e682d6fea4b719d4d,191.96.149,33.0287#-96.6826,0,NA,NA,1,NA,NA,NA,NA,NA,NA,NA,NA,NA,NA,NA,NA,NA,NA,NA,NA,NA,NA,NA,NA,NA,NA,NA,NA,0,1,NA,NA
38,0,0,0,0,20,Collect payment,NA,1606755884,1606755971,2f02094a6d0b511d05c393648caf16ae,166.150.10,37.751#-97.822,0,NA,NA,1,NA,NA,NA,NA,NA,NA,NA,NA,NA,NA,NA,NA,NA,NA,NA,NA,NA,NA,NA,NA,NA,NA,NA,NA,0,NA,NA,NA
39,0,0,0,0,1,check,0,1606754378,1606754450,fae394295570dc90b7ef2178280016c4,212.162.15,41.8777#-87.6376,0,NA,NA,1,NA,NA,NA,NA,NA,NA,NA,NA,NA,NA,NA,NA,NA,NA,NA,NA,NA,NA,NA,NA,NA,NA,NA,NA,0,NA,NA,NA
40,0,0,0,0,20,Collect payment,NA,1606755191,1606755220,864bccd8295672d03078e3070668af5b,73.6.161.2,30.0043#-95.1747,0,NA,NA,1,NA,NA,NA,NA,NA,NA,NA,NA,NA,NA,NA,NA,NA,NA,NA,NA,NA,NA,NA,NA,NA,NA,NA,NA,0,NA,NA,NA
41,0,0,0,0,4,estimate 2,NA,1606755184,1606755272,f24dd28e924749becf457691536db22c,68.163.48.,39.6732#-75.7121,0,NA,NA,1,NA,NA,NA,NA,NA,NA,NA,NA,NA,NA,NA,NA,NA,NA,NA,NA,NA,NA,NA,NA,NA,NA,NA,NA,0,NA,NA,NA
42,0,0,0,0,20,Collect payment,NA,1606755215,1606755240,ed318931d0ac878d0825a183807f76b7,107.200.20,33.395#-86.8348,0,NA,NA,1,NA,NA,NA,NA,NA,NA,NA,NA,NA,NA,NA,NA,NA,NA,NA,NA,NA,NA,NA,NA,NA,NA,NA,NA,0,NA,NA,NA
43,0,0,0,0,1,check,NA,1606754426,1606756334,1f9cf2904ccc9754a6a5bc9ac5eb0067,50.231.89.,37.751#-97.822,0,NA,NA,1,NA,NA,NA,NA,NA,NA,NA,NA,NA,NA,NA,NA,NA,NA,NA,NA,NA,NA,NA,NA,NA,NA,NA,NA,0,NA,NA,NA
44,0,0,0,0,20,Collect payment,NA,1606755966,1606756002,b3a72222ed1d224c5d8f761beeb75848,24.255.55.,32.8946#-111.7493,0,NA,NA,1,NA,NA,NA,NA,NA,NA,NA,NA,NA,NA,NA,NA,NA,NA,NA,NA,NA,NA,NA,NA,NA,NA,NA,NA,0,NA,NA,NA
45,0,0,0,0,5,estimate 1,NA,1606754869,1606754906,ecdcb8747cb906fd3d7504292c9abf04,172.115.16,33.93#-117.9477,0,NA,NA,1,NA,NA,NA,NA,NA,NA,NA,NA,NA,NA,NA,NA,NA,NA,NA,NA,NA,NA,NA,NA,NA,NA,NA,NA,0,1,NA,NA
46,0,0,0,0,20,Collect payment,NA,1606755145,1606755158,1f102fdb390d6ecc0cf1874a9c27cd4c,24.228.73.,41.0105#-74.2074,0,NA,NA,1,NA,NA,NA,NA,NA,NA,NA,NA,NA,NA,NA,NA,NA,NA,NA,NA,NA,NA,NA,NA,NA,NA,NA,NA,0,NA,NA,NA
47,0,0,0,0,9,estimate 1,NA,1606755845,1606755879,19cbe89648abd26a9eedfb2a5fb2697c,63.160.143,37.751#-97.822,0,NA,NA,1,NA,NA,NA,NA,NA,NA,NA,NA,NA,NA,NA,NA,NA,NA,NA,NA,NA,NA,NA,NA,NA,NA,NA,NA,0,1,NA,NA
48,0,0,0,0,20,Collect payment,NA,1606755342,1606755381,9f1b449df88cac4b4dfc44412181d0de,172.100.18,42.1506#-76.0551,0,NA,NA,1,NA,NA,NA,NA,NA,NA,NA,NA,NA,NA,NA,NA,NA,NA,NA,NA,NA,NA,NA,NA,NA,NA,NA,NA,0,NA,NA,NA
49,0,0,0,0,20,Collect payment,NA,1606755402,1606755863,a5c0384175661bf4507a7dfa5cb7b3f6,72.88.147.,40.7662#-74.0178,0,NA,NA,1,NA,NA,NA,NA,NA,NA,NA,NA,NA,NA,NA,NA,NA,NA,NA,NA,NA,NA,NA,NA,NA,NA,NA,NA,0,NA,NA,NA
50,0,0,0,0,2,estimate 2,NA,1606754787,1606754818,42e118850e841ee284c93504da85416d,173.171.23,27.8672#-82.3503,0,NA,NA,1,NA,NA,NA,NA,NA,NA,NA,NA,NA,NA,NA,NA,NA,NA,NA,NA,NA,NA,NA,NA,NA,NA,NA,NA,0,1,NA,NA
51,0,0,0,0,20,Collect payment,NA,1606755907,1606755929,4c50e3b31c48496ba94e9eec03ab2706,8.44.142.2,32.7948#-96.7697,0,NA,NA,1,NA,NA,NA,NA,NA,NA,NA,NA,NA,NA,NA,NA,NA,NA,NA,NA,NA,NA,NA,NA,NA,NA,NA,NA,0,NA,NA,NA
52,0,0,0,0,2,watch pic,NA,1606755030,1606755035,6fed66cac4d0586484fc0e0188637465,96.33.26.2,36.334#-82.3439,0,NA,NA,1,NA,NA,NA,NA,NA,NA,NA,NA,NA,NA,NA,NA,NA,NA,NA,NA,NA,NA,NA,NA,NA,NA,NA,NA,0,NA,NA,NA
53,0,0,0,0,1,check,NA,1606754618,1606755932,19fccc19b9235777da424551009e5803,45.71.19.1,40.6994#-73.8883,0,NA,NA,1,NA,NA,NA,NA,NA,NA,NA,NA,NA,NA,NA,NA,NA,NA,NA,NA,NA,NA,NA,NA,NA,NA,NA,NA,0,NA,NA,NA
54,0,0,0,0,1,check,NA,1606754627,1606754763,34c068eb7509829678b5c36a0f6aab4b,108.237.4.,35.4971#-97.733,0,NA,NA,1,NA,NA,NA,NA,NA,NA,NA,NA,NA,NA,NA,NA,NA,NA,NA,NA,NA,NA,NA,NA,NA,NA,NA,NA,0,NA,NA,NA
55,0,0,0,0,4,estimate 1,NA,1606755068,1606755099,92ab3c84c5140c625b7cea0488378a87,206.81.130,40.5834#-111.7467,0,NA,NA,1,NA,NA,NA,NA,NA,NA,NA,NA,NA,NA,NA,NA,NA,NA,NA,NA,NA,NA,NA,NA,NA,NA,NA,NA,0,1,NA,NA
56,0,0,0,0,7,estimate 2,NA,1606755011,1606755041,4a34faa0680c78d2bce2e235f997a42e,98.201.220,29.7149#-95.2819,0,NA,NA,1,NA,NA,NA,NA,NA,NA,NA,NA,NA,NA,NA,NA,NA,NA,NA,NA,NA,NA,NA,NA,NA,NA,NA,NA,0,1,NA,NA
57,0,0,0,0,20,Collect payment,NA,1606755282,1606755301,9ce662449eb3e4b18c818e5cc347047c,173.94.105,36.1825#-79.8103,0,NA,NA,1,NA,NA,NA,NA,NA,NA,NA,NA,NA,NA,NA,NA,NA,NA,NA,NA,NA,NA,NA,NA,NA,NA,NA,NA,0,NA,NA,NA
58,0,0,0,0,3,confidence,NA,1606755349,1606755379,b6e3bab5007d6eebcb1ec2e9c4e424a7,75.4.196.1,33.7153#-84.3312,0,NA,NA,1,NA,NA,NA,NA,NA,NA,NA,NA,NA,NA,NA,NA,NA,NA,NA,NA,NA,NA,NA,NA,NA,NA,NA,NA,0,1,NA,NA
59,0,0,0,0,1,check,NA,1606754769,1606758099,2eec8fcd365a07a8e70a28912f9856c2,108.94.54.,32.7537#-96.8367,0,NA,NA,1,NA,NA,NA,NA,NA,NA,NA,NA,NA,NA,NA,NA,NA,NA,NA,NA,NA,NA,NA,NA,NA,NA,NA,NA,0,NA,NA,NA
60,0,0,0,0,20,Collect payment,NA,1606756133,1606756152,e5d315629c360d7c88a2f5f7248d6cb3,72.184.54.,28.2365#-82.3289,0,NA,NA,1,NA,NA,NA,NA,NA,NA,NA,NA,NA,NA,NA,NA,NA,NA,NA,NA,NA,NA,NA,NA,NA,NA,NA,NA,0,NA,NA,NA
61,0,0,0,0,20,Collect payment,NA,1606755647,1606755678,204523d918d73fb50a4efc76d86a25ca,136.49.249,30.2623#-97.7465,0,NA,NA,1,NA,NA,NA,NA,NA,NA,NA,NA,NA,NA,NA,NA,NA,NA,NA,NA,NA,NA,NA,NA,NA,NA,NA,NA,0,NA,NA,NA
62,0,0,0,0,20,Collect payment,NA,1606755915,1606755931,0fb7ac42ef2f92175f62ef823d59b586,76.107.34.,32.3904#-93.7117,0,NA,NA,1,NA,NA,NA,NA,NA,NA,NA,NA,NA,NA,NA,NA,NA,NA,NA,NA,NA,NA,NA,NA,NA,NA,NA,NA,0,NA,NA,NA
63,0,0,0,0,20,Collect payment,NA,1606755843,1606755853,03cc11128629c1663179abe7bdcdd626,72.227.180,40.7652#-73.9588,0,NA,NA,1,NA,NA,NA,NA,NA,NA,NA,NA,NA,NA,NA,NA,NA,NA,NA,NA,NA,NA,NA,NA,NA,NA,NA,NA,0,NA,NA,NA
64,0,0,0,0,20,Collect payment,NA,1606755686,1606755704,f108ed54fa8878e7c6c39394e4534890,72.224.60.,42.6552#-73.802,0,NA,NA,1,NA,NA,NA,NA,NA,NA,NA,NA,NA,NA,NA,NA,NA,NA,NA,NA,NA,NA,NA,NA,NA,NA,NA,NA,0,NA,NA,NA
65,0,0,0,0,20,Collect payment,NA,1606756033,1606756067,bbb7b574d146afda1b73c65db1f41e5e,47.222.30.,33.3438#-96.5635,0,NA,NA,1,NA,NA,NA,NA,NA,NA,NA,NA,NA,NA,NA,NA,NA,NA,NA,NA,NA,NA,NA,NA,NA,NA,NA,NA,0,NA,NA,NA
66,0,0,0,0,20,Collect payment,NA,1606756114,1606756148,64264d0fa46887743097fea4cf8c1b25,38.68.36.3,37.751#-97.822,0,NA,NA,1,NA,NA,NA,NA,NA,NA,NA,NA,NA,NA,NA,NA,NA,NA,NA,NA,NA,NA,NA,NA,NA,NA,NA,NA,0,NA,NA,NA
67,0,0,0,0,20,Collect payment,NA,1606755930,1606755954,7069997bc7c558be7ee4d6fd3538e097,67.255.75.,44.6015#-68.7768,0,NA,NA,1,NA,NA,NA,NA,NA,NA,NA,NA,NA,NA,NA,NA,NA,NA,NA,NA,NA,NA,NA,NA,NA,NA,NA,NA,0,NA,NA,NA
68,0,0,0,0,20,Collect payment,NA,1606756035,1606756057,62cbf34c4f709e29f84ccea84c1009b5,99.23.146.,29.6138#-82.386,0,NA,NA,1,NA,NA,NA,NA,NA,NA,NA,NA,NA,NA,NA,NA,NA,NA,NA,NA,NA,NA,NA,NA,NA,NA,NA,NA,0,NA,NA,NA
69,0,0,0,0,20,Collect payment,NA,1606755739,1606755761,1a1d4018cef9f3bc51d3dac0875fe173,107.210.23,35.2426#-80.741,0,NA,NA,1,NA,NA,NA,NA,NA,NA,NA,NA,NA,NA,NA,NA,NA,NA,NA,NA,NA,NA,NA,NA,NA,NA,NA,NA,0,NA,NA,NA
70,0,0,0,0,20,Collect payment,NA,1606757183,1606757211,6ae75ceb05f6215d3db3c5d0cf304977,71.73.50.2,41.502#-82.0091,0,NA,NA,1,NA,NA,NA,NA,NA,NA,NA,NA,NA,NA,NA,NA,NA,NA,NA,NA,NA,NA,NA,NA,NA,NA,NA,NA,0,NA,NA,NA
71,0,0,0,0,1,check,NA,1606755030,1606755139,8e87fdbfeac4d24a9b3d160f9347d5f6,47.217.149,35.7445#-95.3451,0,NA,NA,1,NA,NA,NA,NA,NA,NA,NA,NA,NA,NA,NA,NA,NA,NA,NA,NA,NA,NA,NA,NA,NA,NA,NA,NA,0,NA,NA,NA
72,0,0,0,0,20,Collect payment,NA,1606755759,1606755778,c4be598c1189e7dfca8f424137a7639f,75.183.81.,35.7965#-78.7981,0,NA,NA,1,NA,NA,NA,NA,NA,NA,NA,NA,NA,NA,NA,NA,NA,NA,NA,NA,NA,NA,NA,NA,NA,NA,NA,NA,0,NA,NA,NA
73,0,0,0,0,4,confidence,NA,1606755771,1606755803,4c928e696555f69aaf92274e59353965,24.208.28.,44.0197#-88.5514,0,NA,NA,1,NA,NA,NA,NA,NA,NA,NA,NA,NA,NA,NA,NA,NA,NA,NA,NA,NA,NA,NA,NA,NA,NA,NA,NA,0,1,NA,NA
74,0,0,0,0,20,Collect payment,NA,1606756808,1606756834,9d605f6995db577c05adb92c502f06c4,69.180.8.1,33.7344#-84.0986,0,NA,NA,1,NA,NA,NA,NA,NA,NA,NA,NA,NA,NA,NA,NA,NA,NA,NA,NA,NA,NA,NA,NA,NA,NA,NA,NA,0,NA,NA,NA
75,0,0,0,0,20,Collect payment,NA,1606755817,1606755829,5bd844275c2795fba7677d27bbaa87c1,97.103.30.,28.9025#-81.248,0,NA,NA,1,NA,NA,NA,NA,NA,NA,NA,NA,NA,NA,NA,NA,NA,NA,NA,NA,NA,NA,NA,NA,NA,NA,NA,NA,0,NA,NA,NA
76,0,0,0,0,20,Collect payment,NA,1606756015,1606756423,c19996db7f387e2dce564b56b15128d2,107.146.24,35.2976#-119.0484,0,NA,NA,1,NA,NA,NA,NA,NA,NA,NA,NA,NA,NA,NA,NA,NA,NA,NA,NA,NA,NA,NA,NA,NA,NA,NA,NA,0,NA,NA,NA
77,0,0,0,0,20,Collect payment,NA,1606756151,1606756188,9e5c7453135f585f0018609667c8fc53,172.6.223.,34.0297#-84.1469,0,NA,NA,1,NA,NA,NA,NA,NA,NA,NA,NA,NA,NA,NA,NA,NA,NA,NA,NA,NA,NA,NA,NA,NA,NA,NA,NA,0,NA,NA,NA
78,0,0,0,0,20,Collect payment,NA,1606756743,1606756794,8126308b6712d69337c7b6e27df598ab,66.74.92.1,33.7237#-116.3803,0,NA,NA,1,NA,NA,NA,NA,NA,NA,NA,NA,NA,NA,NA,NA,NA,NA,NA,NA,NA,NA,NA,NA,NA,NA,NA,NA,0,NA,NA,NA
79,0,0,0,0,20,Collect payment,NA,1606756035,1606756052,f74617b430bacb3a537a2743779f8c63,223.181.21,11.0075#76.9671,0,NA,NA,1,NA,NA,NA,NA,NA,NA,NA,NA,NA,NA,NA,NA,NA,NA,NA,NA,NA,NA,NA,NA,NA,NA,NA,NA,0,NA,NA,NA
80,0,0,0,0,20,Collect payment,NA,1606756740,1606756777,94309f737630e5849220a57392d220c6,38.127.135,39.0481#-77.4728,0,NA,NA,1,NA,NA,NA,NA,NA,NA,NA,NA,NA,NA,NA,NA,NA,NA,NA,NA,NA,NA,NA,NA,NA,NA,NA,NA,0,NA,NA,NA
81,0,0,0,0,20,Collect payment,NA,1606756524,1606756539,1b3ad19e251aadfc56179133705f0b1c,47.37.144.,33.784#-118.1854,0,NA,NA,1,NA,NA,NA,NA,NA,NA,NA,NA,NA,NA,NA,NA,NA,NA,NA,NA,NA,NA,NA,NA,NA,NA,NA,NA,0,NA,NA,NA
82,0,0,0,0,1,check,NA,1606755276,1606756455,00a944a305212dda924c1a29c6e3d3e6,151.197.15,40.1286#-75.0584,0,NA,NA,1,NA,NA,NA,NA,NA,NA,NA,NA,NA,NA,NA,NA,NA,NA,NA,NA,NA,NA,NA,NA,NA,NA,NA,NA,0,NA,NA,NA
83,0,0,0,0,20,Collect payment,NA,1606756120,1606756132,e38eb576a810fce88aae2226134fcd25,72.201.33.,33.6068#-112.2279,0,NA,NA,1,NA,NA,NA,NA,NA,NA,NA,NA,NA,NA,NA,NA,NA,NA,NA,NA,NA,NA,NA,NA,NA,NA,NA,NA,0,NA,NA,NA
84,0,0,0,0,20,Collect payment,NA,1606756381,1606756405,f55787127bf10a1f02e6eb97e03ea565,107.11.62.,40.1873#-82.9899,0,NA,NA,1,NA,NA,NA,NA,NA,NA,NA,NA,NA,NA,NA,NA,NA,NA,NA,NA,NA,NA,NA,NA,NA,NA,NA,NA,0,NA,NA,NA
85,0,0,0,0,20,Collect payment,NA,1606756200,1606756209,2971a9acb75ce5cc015310447f1f6ff2,68.61.99.4,42.7264#-83.1599,0,NA,NA,1,NA,NA,NA,NA,NA,NA,NA,NA,NA,NA,NA,NA,NA,NA,NA,NA,NA,NA,NA,NA,NA,NA,NA,NA,0,NA,NA,NA
86,0,0,0,0,20,Collect payment,NA,1606756707,1606758542,b8995e5a3f46a193c4dcd2f653da7318,47.186.118,33.0928#-96.6454,0,NA,NA,1,NA,NA,NA,NA,NA,NA,NA,NA,NA,NA,NA,NA,NA,NA,NA,NA,NA,NA,NA,NA,NA,NA,NA,NA,0,NA,NA,NA
87,0,0,0,0,20,Collect payment,NA,1606757527,1606757593,487980e77da82555b7dbf14292b77006,98.165.230,33.3121#-111.8213,0,NA,NA,1,NA,NA,NA,NA,NA,NA,NA,NA,NA,NA,NA,NA,NA,NA,NA,NA,NA,NA,NA,NA,NA,NA,NA,NA,0,NA,NA,NA
88,0,0,0,0,20,Collect payment,0,1606757713,1606759627,96dab5d639c70e0151a13840f35a1c2b,196.17.67.,34.0544#-118.244,0,NA,NA,1,NA,NA,NA,NA,NA,NA,NA,NA,NA,NA,NA,NA,NA,NA,NA,NA,NA,NA,NA,NA,NA,NA,NA,NA,0,NA,NA,NA
89,0,0,0,0,20,Collect payment,NA,1606757098,1606757140,75b47269b82294686c248128306120ef,64.120.2.1,47.6092#-122.3314,0,NA,NA,1,NA,NA,NA,NA,NA,NA,NA,NA,NA,NA,NA,NA,NA,NA,NA,NA,NA,NA,NA,NA,NA,NA,NA,NA,0,NA,NA,NA
90,0,0,0,0,20,Collect payment,NA,1606756045,1606756052,2be3f4c094704ae2943f1ffa5ac6197a,69.174.167,40.4444#-86.9256,0,NA,NA,1,NA,NA,NA,NA,NA,NA,NA,NA,NA,NA,NA,NA,NA,NA,NA,NA,NA,NA,NA,NA,NA,NA,NA,NA,0,NA,NA,NA
91,0,0,0,0,20,Collect payment,NA,1606756323,1606756329,08ca0a2aac797157ab7c2bad71a5b7a8,68.250.117,41.4712#-87.9391,0,NA,NA,1,NA,NA,NA,NA,NA,NA,NA,NA,NA,NA,NA,NA,NA,NA,NA,NA,NA,NA,NA,NA,NA,NA,NA,NA,0,NA,NA,NA
92,0,0,0,0,20,Collect payment,NA,1606756873,1606756913,77b85ed8b2989d246cba08dcb2060cf7,68.196.194,40.9271#-73.0127,0,NA,NA,1,NA,NA,NA,NA,NA,NA,NA,NA,NA,NA,NA,NA,NA,NA,NA,NA,NA,NA,NA,NA,NA,NA,NA,NA,0,NA,NA,NA
93,0,0,0,0,20,Collect payment,0,1606759232,1606759283,f52cdd996a312b033537c6637a19b582,196.17.66.,34.0544#-118.244,0,NA,NA,1,NA,NA,NA,NA,NA,NA,NA,NA,NA,NA,NA,NA,NA,NA,NA,NA,NA,NA,NA,NA,NA,NA,NA,NA,0,NA,NA,NA
94,0,0,0,0,20,Collect payment,NA,1606756936,1606757008,34961fd21a4fc9aad883e328d67e2bfd,63.75.255.,37.751#-97.822,0,NA,NA,1,NA,NA,NA,NA,NA,NA,NA,NA,NA,NA,NA,NA,NA,NA,NA,NA,NA,NA,NA,NA,NA,NA,NA,NA,0,NA,NA,NA
95,0,0,0,0,12,estimate 2,NA,1606756901,1606756900,70391889161c61d7aa228bb968ff3e14,108.184.87,33.6205#-117.9321,0,NA,NA,1,NA,NA,NA,NA,NA,NA,NA,NA,NA,NA,NA,NA,NA,NA,NA,NA,NA,NA,NA,NA,NA,NA,NA,NA,0,NA,NA,NA
96,0,0,0,0,20,Collect payment,NA,1606756903,1606756921,3811a3ee4c23ea671b4450f0284803e7,73.208.84.,42.3816#-88.0026,0,NA,NA,1,NA,NA,NA,NA,NA,NA,NA,NA,NA,NA,NA,NA,NA,NA,NA,NA,NA,NA,NA,NA,NA,NA,NA,NA,0,NA,NA,NA
97,0,0,0,0,20,Collect payment,NA,1606756847,1606756857,4acf4d5539934ca2baf243f85c798688,98.192.156,30.4805#-84.2243,0,NA,NA,1,NA,NA,NA,NA,NA,NA,NA,NA,NA,NA,NA,NA,NA,NA,NA,NA,NA,NA,NA,NA,NA,NA,NA,NA,0,NA,NA,NA
98,0,0,0,0,20,Collect payment,NA,1606756623,1606756653,af67b2af468f99e2d3ab43cf3279877d,67.83.158.,41.0991#-74.008,0,NA,NA,1,NA,NA,NA,NA,NA,NA,NA,NA,NA,NA,NA,NA,NA,NA,NA,NA,NA,NA,NA,NA,NA,NA,NA,NA,0,NA,NA,NA
99,0,0,0,0,20,Collect payment,NA,1606758062,1606758090,76e7ab8922b6a16392024b5acc88f184,108.190.18,28.0167#-82.1359,0,NA,NA,1,NA,NA,NA,NA,NA,NA,NA,NA,NA,NA,NA,NA,NA,NA,NA,NA,NA,NA,NA,NA,NA,NA,NA,NA,0,NA,NA,NA
100,0,0,0,0,20,Collect payment,NA,1606757384,1606757413,ed3b93acfaed7954ec2dc0e3d7e3c6ca,24.19.87.1,47.1691#-122.5065,0,NA,NA,1,NA,NA,NA,NA,NA,NA,NA,NA,NA,NA,NA,NA,NA,NA,NA,NA,NA,NA,NA,NA,NA,NA,NA,NA,0,NA,NA,NA
101,0,0,0,0,20,Collect payment,NA,1606756920,1606756929,81e9791e78d3014fbf5fabfd5f57a4e2,142.196.12,28.7935#-81.2868,0,NA,NA,1,NA,NA,NA,NA,NA,NA,NA,NA,NA,NA,NA,NA,NA,NA,NA,NA,NA,NA,NA,NA,NA,NA,NA,NA,0,NA,NA,NA
102,0,0,0,0,4,confidence,NA,1606756506,1606756537,1a89335dcc0f9c7c54621d8fb7e19353,173.66.25.,38.9779#-77.0806,0,NA,NA,1,NA,NA,NA,NA,NA,NA,NA,NA,NA,NA,NA,NA,NA,NA,NA,NA,NA,NA,NA,NA,NA,NA,NA,NA,0,1,NA,NA
103,0,0,0,0,20,Collect payment,NA,1606757003,1606757012,adfac45eb5f11b3542bfc42ba7d6ba47,146.115.15,42.3026#-71.4306,0,NA,NA,1,NA,NA,NA,NA,NA,NA,NA,NA,NA,NA,NA,NA,NA,NA,NA,NA,NA,NA,NA,NA,NA,NA,NA,NA,0,NA,NA,NA
104,0,0,0,0,20,Collect payment,NA,1606757165,1606757181,1acacbf1857e6d6f1fd6464e95c073e8,73.79.233.,40.3473#-75.9305,0,NA,NA,1,NA,NA,NA,NA,NA,NA,NA,NA,NA,NA,NA,NA,NA,NA,NA,NA,NA,NA,NA,NA,NA,NA,NA,NA,0,NA,NA,NA
105,0,0,0,0,20,Collect payment,NA,1606756999,1606757011,0baa0a871144e99cdb65c5cc9ebb72a4,73.253.75.,42.4567#-71.3747,0,NA,NA,1,NA,NA,NA,NA,NA,NA,NA,NA,NA,NA,NA,NA,NA,NA,NA,NA,NA,NA,NA,NA,NA,NA,NA,NA,0,NA,NA,NA
106,0,0,0,0,20,Collect payment,NA,1606757790,1606757818,48990ee1e7b22acc8caecf48f2579931,98.117.76.,37.3923#-77.5668,0,NA,NA,1,NA,NA,NA,NA,NA,NA,NA,NA,NA,NA,NA,NA,NA,NA,NA,NA,NA,NA,NA,NA,NA,NA,NA,NA,0,NA,NA,NA
107,0,0,0,0,14,estimate 1,NA,1606757173,1606757203,c8cca17ca97ab217367f4181638dcf04,72.46.197.,29.572#-95.54,0,NA,NA,1,NA,NA,NA,NA,NA,NA,NA,NA,NA,NA,NA,NA,NA,NA,NA,NA,NA,NA,NA,NA,NA,NA,NA,NA,0,1,NA,NA
108,0,0,0,0,1,estimate 2,NA,1606757077,1606757142,5f2af83b93dce1c4d603bffc07dec8fb,73.108.40.,35.9899#-83.8498,0,NA,NA,1,NA,NA,NA,NA,NA,NA,NA,NA,NA,NA,NA,NA,NA,NA,NA,NA,NA,NA,NA,NA,NA,NA,NA,NA,0,1,NA,NA
109,0,0,0,0,1,check,NA,1606756709,1606757663,1fe80bde3210583bf09bdba31beb60d0,208.78.220,37.751#-97.822,0,NA,NA,1,NA,NA,NA,NA,NA,NA,NA,NA,NA,NA,NA,NA,NA,NA,NA,NA,NA,NA,NA,NA,NA,NA,NA,NA,0,NA,NA,NA
110,0,0,0,0,1,check,NA,1606756748,1606756948,cb60781b6c68b2f5fa57e04a53b9b25a,137.25.194,34.4179#-117.3064,0,NA,NA,1,NA,NA,NA,NA,NA,NA,NA,NA,NA,NA,NA,NA,NA,NA,NA,NA,NA,NA,NA,NA,NA,NA,NA,NA,0,NA,NA,NA
111,0,0,0,0,1,check,NA,1606756758,1606756828,a83f6c4b457ab08f9d22193e709e7748,68.201.40.,30.0778#-93.8609,0,NA,NA,1,NA,NA,NA,NA,NA,NA,NA,NA,NA,NA,NA,NA,NA,NA,NA,NA,NA,NA,NA,NA,NA,NA,NA,NA,0,NA,NA,NA
112,0,0,0,0,20,Collect payment,0,1606758817,1606758858,cc279e7e2cfeaeea633799e2837f2ca5,196.17.67.,34.0544#-118.244,0,NA,NA,1,NA,NA,NA,NA,NA,NA,NA,NA,NA,NA,NA,NA,NA,NA,NA,NA,NA,NA,NA,NA,NA,NA,NA,NA,0,NA,NA,NA
113,0,0,0,0,20,Collect payment,0,1606758904,1606758919,f27aa00afa96f4578da7dc0eaeb54b35,184.102.77,41.1622#-85.4724,0,NA,NA,1,NA,NA,NA,NA,NA,NA,NA,NA,NA,NA,NA,NA,NA,NA,NA,NA,NA,NA,NA,NA,NA,NA,NA,NA,0,NA,NA,NA
114,0,0,0,0,20,Collect payment,NA,1606758314,1606758344,bbe44d7f6c9d7bfa266926e55762e968,65.33.22.2,28.2365#-82.3289,0,NA,NA,1,NA,NA,NA,NA,NA,NA,NA,NA,NA,NA,NA,NA,NA,NA,NA,NA,NA,NA,NA,NA,NA,NA,NA,NA,0,NA,NA,NA
115,0,0,0,0,1,check,NA,1606757229,1606758235,411f1cc1efd77723d6736fffcf144c97,104.180.16,32.7889#-96.8021,0,NA,NA,1,NA,NA,NA,NA,NA,NA,NA,NA,NA,NA,NA,NA,NA,NA,NA,NA,NA,NA,NA,NA,NA,NA,NA,NA,0,NA,NA,NA
116,0,0,0,0,1,check,0,1606757320,1606762545,9d364a45fb90269c2f12aeffc43cc756,108.54.248,40.8312#-73.9067,0,NA,NA,1,NA,NA,NA,NA,NA,NA,NA,NA,NA,NA,NA,NA,NA,NA,NA,NA,NA,NA,NA,NA,NA,NA,NA,NA,0,NA,NA,NA
117,0,0,0,0,16,estimate 1,NA,1606758127,1606758143,bbeaee13f859ecba6a419628e7a1f7cd,140.82.246,45.2897#-122.3219,0,NA,NA,1,NA,NA,NA,NA,NA,NA,NA,NA,NA,NA,NA,NA,NA,NA,NA,NA,NA,NA,NA,NA,NA,NA,NA,NA,0,NA,NA,NA
118,0,0,0,0,8,confidence,NA,1606758497,1606758566,3e5c28de1d9d9fb008b539123915299c,196.17.65.,34.0544#-118.244,0,NA,NA,1,NA,NA,NA,NA,NA,NA,NA,NA,NA,NA,NA,NA,NA,NA,NA,NA,NA,NA,NA,NA,NA,NA,NA,NA,0,1,NA,NA
119,0,0,0,0,1,check,NA,1606757460,1606757485,1a4e310054ea94c76d22f8cb05a0ffce,71.37.189.,46.6099#-112.0244,0,NA,NA,1,NA,NA,NA,NA,NA,NA,NA,NA,NA,NA,NA,NA,NA,NA,NA,NA,NA,NA,NA,NA,NA,NA,NA,NA,0,NA,NA,NA
120,0,0,0,0,20,Collect payment,NA,1606758106,1606758169,65f2eff2c2340e9855bfd28415fffc3a,75.97.235.,40.8325#-75.7014,0,NA,NA,1,NA,NA,NA,NA,NA,NA,NA,NA,NA,NA,NA,NA,NA,NA,NA,NA,NA,NA,NA,NA,NA,NA,NA,NA,0,NA,NA,NA
121,0,0,0,0,20,Collect payment,0,1606758908,1606758958,c790f59515ad638a77d251515694564d,98.11.212.,43.114#-77.5689,0,NA,NA,1,NA,NA,NA,NA,NA,NA,NA,NA,NA,NA,NA,NA,NA,NA,NA,NA,NA,NA,NA,NA,NA,NA,NA,NA,0,NA,NA,NA
122,0,0,0,0,20,Collect payment,0,1606758691,1606758716,32990b768f63064301b410da80380692,76.177.88.,38.0538#-83.9386,0,NA,NA,1,NA,NA,NA,NA,NA,NA,NA,NA,NA,NA,NA,NA,NA,NA,NA,NA,NA,NA,NA,NA,NA,NA,NA,NA,0,NA,NA,NA
123,0,0,0,0,20,Collect payment,0,1606759513,1606759529,f6463ce52ab47eb79abb300fdb2e55a5,64.145.93.,37.751#-97.822,0,NA,NA,1,NA,NA,NA,NA,NA,NA,NA,NA,NA,NA,NA,NA,NA,NA,NA,NA,NA,NA,NA,NA,NA,NA,NA,NA,0,NA,NA,NA
124,0,0,0,0,20,Collect payment,0,1606759451,1606759506,cb03579669858317039f68be2a67a38b,47.24.154.,38.5793#-90.422,0,NA,NA,1,NA,NA,NA,NA,NA,NA,NA,NA,NA,NA,NA,NA,NA,NA,NA,NA,NA,NA,NA,NA,NA,NA,NA,NA,0,NA,NA,NA
125,0,0,0,0,20,Collect payment,0,1606758707,1606758720,1e3fd33ca284889de273a3f7e5b4e86a,24.12.156.,42.1614#-87.966,0,NA,NA,1,NA,NA,NA,NA,NA,NA,NA,NA,NA,NA,NA,NA,NA,NA,NA,NA,NA,NA,NA,NA,NA,NA,NA,NA,0,NA,NA,NA
126,0,0,0,0,20,Collect payment,0,1606760476,1606761121,d204a2ed7862df251f5bcd10efda6650,196.17.65.,34.0544#-118.244,0,NA,NA,1,NA,NA,NA,NA,NA,NA,NA,NA,NA,NA,NA,NA,NA,NA,NA,NA,NA,NA,NA,NA,NA,NA,NA,NA,0,NA,NA,NA
127,0,0,0,0,20,Collect payment,0,1606759395,1606759438,2092fa976110dfde77c789571c8e6130,67.169.228,38.6639#-121.3388,0,NA,NA,1,NA,NA,NA,NA,NA,NA,NA,NA,NA,NA,NA,NA,NA,NA,NA,NA,NA,NA,NA,NA,NA,NA,NA,NA,0,NA,NA,NA
128,0,0,0,0,20,Collect payment,0,1606759502,1606759532,75ae21f22bba1fe3137209f53e5abf9a,196.17.66.,34.0544#-118.244,0,NA,NA,1,NA,NA,NA,NA,NA,NA,NA,NA,NA,NA,NA,NA,NA,NA,NA,NA,NA,NA,NA,NA,NA,NA,NA,NA,0,NA,NA,NA
129,0,0,0,0,20,Collect payment,0,1606759513,1606759538,1e48c60b75f4a87eb5dae8b0a77b5db3,162.246.17,37.751#-97.822,0,NA,NA,1,NA,NA,NA,NA,NA,NA,NA,NA,NA,NA,NA,NA,NA,NA,NA,NA,NA,NA,NA,NA,NA,NA,NA,NA,0,NA,NA,NA
130,0,0,0,0,20,Collect payment,0,1606759250,1606759272,68d2d63c8431eea03b9d3754140829aa,47.24.7.23,33.1452#-97.0699,0,NA,NA,1,NA,NA,NA,NA,NA,NA,NA,NA,NA,NA,NA,NA,NA,NA,NA,NA,NA,NA,NA,NA,NA,NA,NA,NA,0,NA,NA,NA
131,0,0,0,0,20,Collect payment,0,1606759097,1606759115,04dce84d6ebc5a93a7ca7444feed716b,50.231.89.,37.751#-97.822,0,NA,NA,1,NA,NA,NA,NA,NA,NA,NA,NA,NA,NA,NA,NA,NA,NA,NA,NA,NA,NA,NA,NA,NA,NA,NA,NA,0,NA,NA,NA
132,0,0,0,0,20,Collect payment,0,1606759348,1606759366,3e086df0e07016065e14ff0013a8aa62,97.123.75.,35.0813#-106.6212,0,NA,NA,1,NA,NA,NA,NA,NA,NA,NA,NA,NA,NA,NA,NA,NA,NA,NA,NA,NA,NA,NA,NA,NA,NA,NA,NA,0,NA,NA,NA
133,0,0,0,0,7,estimate 2,0,1606759355,1606759386,afa8e4cb203eb99803bf0b94c138e695,74.175.39.,30.6617#-87.048,0,NA,NA,1,NA,NA,NA,NA,NA,NA,NA,NA,NA,NA,NA,NA,NA,NA,NA,NA,NA,NA,NA,NA,NA,NA,NA,NA,0,1,NA,NA
134,0,0,0,0,20,Collect payment,0,1606759200,1606759231,c037085164f74f9fef21be5d2493ea46,75.165.94.,40.1778#-77.2328,0,NA,NA,1,NA,NA,NA,NA,NA,NA,NA,NA,NA,NA,NA,NA,NA,NA,NA,NA,NA,NA,NA,NA,NA,NA,NA,NA,0,NA,NA,NA
135,0,0,0,0,20,Collect payment,0,1606759404,1606759419,97e5efcd7861a3c448e62dc98b21d7db,73.245.123,26.5991#-80.1284,0,NA,NA,1,NA,NA,NA,NA,NA,NA,NA,NA,NA,NA,NA,NA,NA,NA,NA,NA,NA,NA,NA,NA,NA,NA,NA,NA,0,NA,NA,NA
136,0,0,0,0,2,watch pic,0,1606759004,1606759004,b0d12a8c293ab40619a03e7a51f5cf15,63.75.254.,37.751#-97.822,0,NA,NA,1,NA,NA,NA,NA,NA,NA,NA,NA,NA,NA,NA,NA,NA,NA,NA,NA,NA,NA,NA,NA,NA,NA,NA,NA,0,NA,NA,NA
137,0,0,0,0,20,Collect payment,0,1606759184,1606759193,7adcc3a5f2b5d110b58f8d552352065b,47.208.1.2,40.7977#-124.1565,0,NA,NA,1,NA,NA,NA,NA,NA,NA,NA,NA,NA,NA,NA,NA,NA,NA,NA,NA,NA,NA,NA,NA,NA,NA,NA,NA,0,NA,NA,NA
138,0,0,0,0,20,Collect payment,0,1606761432,1606761461,d3c903d68a8813f4f7eb11ddad364b19,196.17.66.,34.0544#-118.244,0,NA,NA,1,NA,NA,NA,NA,NA,NA,NA,NA,NA,NA,NA,NA,NA,NA,NA,NA,NA,NA,NA,NA,NA,NA,NA,NA,0,NA,NA,NA
139,0,0,0,0,20,Collect payment,0,1606760167,1606760206,9308c86bf4766a0d4781f83eefc4f064,68.11.155.,30.209#-92.0607,0,NA,NA,1,NA,NA,NA,NA,NA,NA,NA,NA,NA,NA,NA,NA,NA,NA,NA,NA,NA,NA,NA,NA,NA,NA,NA,NA,0,NA,NA,NA
140,0,0,0,0,20,Collect payment,0,1606760377,1606760411,4be43b54c6148aa1aa018b78f5d24691,63.227.42.,39.7301#-104.9078,0,NA,NA,1,NA,NA,NA,NA,NA,NA,NA,NA,NA,NA,NA,NA,NA,NA,NA,NA,NA,NA,NA,NA,NA,NA,NA,NA,0,NA,NA,NA
141,0,0,0,0,20,Collect payment,0,1606759548,1606759570,26bd3df2eec30fd9ffceafd394a11607,72.15.104.,33.4715#-84.5929,0,NA,NA,1,NA,NA,NA,NA,NA,NA,NA,NA,NA,NA,NA,NA,NA,NA,NA,NA,NA,NA,NA,NA,NA,NA,NA,NA,0,NA,NA,NA
142,0,0,0,0,1,check,0,1606758727,1606762773,3ae873cb07145045ef60a4d8a02f141d,175.22.254,43.1633#124.3686,0,NA,NA,1,NA,NA,NA,NA,NA,NA,NA,NA,NA,NA,NA,NA,NA,NA,NA,NA,NA,NA,NA,NA,NA,NA,NA,NA,0,NA,NA,NA
143,0,0,0,0,20,Collect payment,0,1606760406,1606775768,ab086ae7b419bb0b60d0f147ec3efdb8,196.17.65.,34.0544#-118.244,0,NA,NA,1,NA,NA,NA,NA,NA,NA,NA,NA,NA,NA,NA,NA,NA,NA,NA,NA,NA,NA,NA,NA,NA,NA,NA,NA,0,NA,NA,NA
144,0,0,0,0,20,Collect payment,0,1606759944,1606759964,2c29a617e90da4669898cdd5c8046f68,99.48.50.3,34.0297#-84.1469,0,NA,NA,1,NA,NA,NA,NA,NA,NA,NA,NA,NA,NA,NA,NA,NA,NA,NA,NA,NA,NA,NA,NA,NA,NA,NA,NA,0,NA,NA,NA
145,0,0,0,0,1,check,NA,1606758867,0,d0410a95ff931e1408683ebc183270bf,69.253.26.,39.8156#-75.5057,0,NA,NA,1,NA,NA,NA,NA,NA,NA,NA,NA,NA,NA,NA,NA,NA,NA,NA,NA,NA,NA,NA,NA,NA,NA,NA,NA,NA,NA,NA,NA
146,0,0,0,0,1,check,0,1606758892,1606761334,3c3873f4212564b116cd7be3ae7d774b,45.71.19.1,40.6994#-73.8883,0,NA,NA,1,NA,NA,NA,NA,NA,NA,NA,NA,NA,NA,NA,NA,NA,NA,NA,NA,NA,NA,NA,NA,NA,NA,NA,NA,0,NA,NA,NA
147,0,0,0,0,20,Collect payment,0,1606760306,1606760325,17b5f35b278e88f6c33e051c60525e76,98.239.121,36.2682#-119.8173,0,NA,NA,1,NA,NA,NA,NA,NA,NA,NA,NA,NA,NA,NA,NA,NA,NA,NA,NA,NA,NA,NA,NA,NA,NA,NA,NA,0,NA,NA,NA
148,0,0,0,0,20,Collect payment,0,1606760854,1606760961,675df146fa2b07b35998a9c041c2e1bd,196.17.65.,34.0544#-118.244,0,NA,NA,1,NA,NA,NA,NA,NA,NA,NA,NA,NA,NA,NA,NA,NA,NA,NA,NA,NA,NA,NA,NA,NA,NA,NA,NA,0,NA,NA,NA
149,0,0,0,0,20,Collect payment,0,1606760235,1606760238,5be66cf0cac0e61904772796949a38c4,73.85.91.2,26.8052#-80.2484,0,NA,NA,1,NA,NA,NA,NA,NA,NA,NA,NA,NA,NA,NA,NA,NA,NA,NA,NA,NA,NA,NA,NA,NA,NA,NA,NA,0,NA,NA,NA
150,0,0,0,0,20,Collect payment,0,1606761409,1606761438,45ee7c8df7531bba59309b509475521b,45.20.220.,41.5876#-87.3727,0,NA,NA,1,NA,NA,NA,NA,NA,NA,NA,NA,NA,NA,NA,NA,NA,NA,NA,NA,NA,NA,NA,NA,NA,NA,NA,NA,0,NA,NA,NA
151,0,0,0,0,9,confidence,0,1606760564,1606760597,dc1e1261704def3a64faba11c79ac146,71.238.243,34.7456#-92.3419,0,NA,NA,1,NA,NA,NA,NA,NA,NA,NA,NA,NA,NA,NA,NA,NA,NA,NA,NA,NA,NA,NA,NA,NA,NA,NA,NA,0,1,NA,NA
152,0,0,0,0,0,NA,NA,0,0,445451f07d8114ea3334864f77753611,54.187.73.,45.8491#-119.7143,0,NA,NA,NA,NA,NA,NA,NA,NA,NA,NA,NA,NA,NA,NA,NA,NA,NA,NA,NA,NA,NA,NA,NA,NA,NA,NA,NA,NA,NA,NA,NA
153,0,0,0,0,20,Collect payment,0,1606760726,1606760739,3e47daca80589886d228c48cfebcb181,68.13.26.7,41.268#-96.1156,0,NA,NA,1,NA,NA,NA,NA,NA,NA,NA,NA,NA,NA,NA,NA,NA,NA,NA,NA,NA,NA,NA,NA,NA,NA,NA,NA,0,NA,NA,NA
154,0,0,0,0,7,confidence,0,1606760980,1606761013,f7b2acd9fa96e3c0e8a1f1981b2e3b3c,196.17.67.,34.0544#-118.244,0,NA,NA,1,NA,NA,NA,NA,NA,NA,NA,NA,NA,NA,NA,NA,NA,NA,NA,NA,NA,NA,NA,NA,NA,NA,NA,NA,0,1,NA,NA
155,0,0,0,0,1,check,0,1606760415,1606762501,c3bbf749a5e62cda097b71b3948eaab4,24.61.230.,41.2929#-72.526,0,NA,NA,1,NA,NA,NA,NA,NA,NA,NA,NA,NA,NA,NA,NA,NA,NA,NA,NA,NA,NA,NA,NA,NA,NA,NA,NA,0,NA,NA,NA
156,0,0,0,0,3,confidence,0,1606760865,1606760898,d4341fce12bbfb5b5ab90acdf4772924,71.237.172,45.4383#-122.6147,0,NA,NA,1,NA,NA,NA,NA,NA,NA,NA,NA,NA,NA,NA,NA,NA,NA,NA,NA,NA,NA,NA,NA,NA,NA,NA,NA,0,1,NA,NA
157,0,0,0,0,20,Collect payment,0,1606761418,1606761436,665f85354d85cfc5dc93c16d3646b9c7,68.174.133,40.8171#-73.9392,0,NA,NA,1,NA,NA,NA,NA,NA,NA,NA,NA,NA,NA,NA,NA,NA,NA,NA,NA,NA,NA,NA,NA,NA,NA,NA,NA,0,NA,NA,NA
158,0,0,0,0,20,Collect payment,0,1606761713,1606761732,2505168102ebb611812c03f41a754941,108.14.73.,40.5978#-74.0001,0,NA,NA,1,NA,NA,NA,NA,NA,NA,NA,NA,NA,NA,NA,NA,NA,NA,NA,NA,NA,NA,NA,NA,NA,NA,NA,NA,0,NA,NA,NA
159,0,0,0,0,20,Collect payment,0,1606762080,1606762123,957dc77b4186f69f4248e00492599605,67.249.226,42.5942#-76.1881,0,NA,NA,1,NA,NA,NA,NA,NA,NA,NA,NA,NA,NA,NA,NA,NA,NA,NA,NA,NA,NA,NA,NA,NA,NA,NA,NA,0,NA,NA,NA
160,0,0,0,0,5,estimate 2,0,1606762508,1606762546,fd2e39efaa0f44f3a60029252549001b,75.42.8.30,34.7386#-92.4231,0,NA,NA,1,NA,NA,NA,NA,NA,NA,NA,NA,NA,NA,NA,NA,NA,NA,NA,NA,NA,NA,NA,NA,NA,NA,NA,NA,0,1,NA,NA
161,0,0,0,0,20,Collect payment,0,1606762357,1606762370,cefb791765a596e2cfeb889188d7d11e,65.188.39.,33.9632#-80.9341,0,NA,NA,1,NA,NA,NA,NA,NA,NA,NA,NA,NA,NA,NA,NA,NA,NA,NA,NA,NA,NA,NA,NA,NA,NA,NA,NA,0,NA,NA,NA
162,0,0,0,0,1,check,0,1606761785,1606761822,c3f42b3e072fc8683a4298f6ecbd6625,24.73.29.1,28.3299#-82.285,0,NA,NA,1,NA,NA,NA,NA,NA,NA,NA,NA,NA,NA,NA,NA,NA,NA,NA,NA,NA,NA,NA,NA,NA,NA,NA,NA,0,NA,NA,NA
163,0,0,0,0,1,check,0,1606762261,1606762589,f23f823d0dfc06ea798206478923f70b,104.35.158,34.1765#-118.614,0,NA,NA,1,NA,NA,NA,NA,NA,NA,NA,NA,NA,NA,NA,NA,NA,NA,NA,NA,NA,NA,NA,NA,NA,NA,NA,NA,0,NA,NA,NA
164,0,0,0,0,20,Collect payment,0,1606764484,1606764522,31af0cb5b3e111307c1baf8230012d91,196.17.64.,34.0544#-118.244,0,NA,NA,1,NA,NA,NA,NA,NA,NA,NA,NA,NA,NA,NA,NA,NA,NA,NA,NA,NA,NA,NA,NA,NA,NA,NA,NA,0,NA,NA,NA
165,0,0,0,0,1,check,0,1606762548,1606762754,71c21d049e7a9df1cfb8ea1e0e901ab8,73.254.104,47.0773#-122.3921,0,NA,NA,1,NA,NA,NA,NA,NA,NA,NA,NA,NA,NA,NA,NA,NA,NA,NA,NA,NA,NA,NA,NA,NA,NA,NA,NA,0,NA,NA,NA
166,0,0,0,0,20,Collect payment,0,1606763628,1606763643,2c80c58ec3ff95f2a04f7a8308c6f64b,74.65.215.,40.7149#-73.9893,0,NA,NA,1,NA,NA,NA,NA,NA,NA,NA,NA,NA,NA,NA,NA,NA,NA,NA,NA,NA,NA,NA,NA,NA,NA,NA,NA,0,NA,NA,NA
167,0,0,0,0,20,Collect payment,0,1606765139,1606765180,08a1224032df3660fb93e06e58a57ffd,196.17.66.,34.0544#-118.244,0,NA,NA,1,NA,NA,NA,NA,NA,NA,NA,NA,NA,NA,NA,NA,NA,NA,NA,NA,NA,NA,NA,NA,NA,NA,NA,NA,0,NA,NA,NA
168,0,0,0,0,6,estimate 1,0,1606763946,1606763946,e28dd22b7cae436985ba523ec7fdde93,143.59.122,40.0946#-83.0118,0,NA,NA,1,NA,NA,NA,NA,NA,NA,NA,NA,NA,NA,NA,NA,NA,NA,NA,NA,NA,NA,NA,NA,NA,NA,NA,NA,0,NA,NA,NA
169,0,0,0,0,20,Collect payment,0,1606764796,1606764827,e0b80bb917e0f6bf468bb4d3c7613b4f,98.23.47.1,37.1511#-83.7793,0,NA,NA,1,NA,NA,NA,NA,NA,NA,NA,NA,NA,NA,NA,NA,NA,NA,NA,NA,NA,NA,NA,NA,NA,NA,NA,NA,0,NA,NA,NA
170,0,0,0,0,20,Collect payment,0,1606764826,1606764845,99a5dfb6ff8caae5c34919a80c136c7d,204.184.29,38.5759#-90.5167,0,NA,NA,1,NA,NA,NA,NA,NA,NA,NA,NA,NA,NA,NA,NA,NA,NA,NA,NA,NA,NA,NA,NA,NA,NA,NA,NA,0,NA,NA,NA
171,0,0,0,0,1,check,0,1606764081,1606764352,56353afbe6cb2267941a21160d244134,196.17.66.,34.0544#-118.244,0,NA,NA,1,NA,NA,NA,NA,NA,NA,NA,NA,NA,NA,NA,NA,NA,NA,NA,NA,NA,NA,NA,NA,NA,NA,NA,NA,0,NA,NA,NA
172,0,0,0,0,20,Collect payment,0,1606765160,1606765191,06866ac16e204d44c8d02463d9cb7245,76.97.200.,34.2319#-84.1627,0,NA,NA,1,NA,NA,NA,NA,NA,NA,NA,NA,NA,NA,NA,NA,NA,NA,NA,NA,NA,NA,NA,NA,NA,NA,NA,NA,0,NA,NA,NA
173,0,0,0,0,20,Collect payment,0,1606766445,1606766478,39a57bb722f31a46ba84b71cda5e49ab,71.72.238.,39.9534#-83.7801,0,NA,NA,1,NA,NA,NA,NA,NA,NA,NA,NA,NA,NA,NA,NA,NA,NA,NA,NA,NA,NA,NA,NA,NA,NA,NA,NA,0,NA,NA,NA
174,0,0,0,0,20,Collect payment,0,1606766038,1606766053,2baf67fdfb49dfef74bc02eba2c72a75,98.202.19.,40.5989#-111.8304,0,NA,NA,1,NA,NA,NA,NA,NA,NA,NA,NA,NA,NA,NA,NA,NA,NA,NA,NA,NA,NA,NA,NA,NA,NA,NA,NA,0,NA,NA,NA
175,0,0,0,0,1,check,0,1606767298,1606767304,0f8f36f9f260b8c8d564ccdd0e5a7308,191.101.13,39.7845#-104.9642,0,NA,NA,1,NA,NA,NA,NA,NA,NA,NA,NA,NA,NA,NA,NA,NA,NA,NA,NA,NA,NA,NA,NA,NA,NA,NA,NA,0,NA,NA,NA
176,0,0,0,0,20,Collect payment,0,1606768256,1606768289,fabab4425735c4b7d74dafd19a6fa1c2,68.168.211,37.751#-97.822,0,NA,NA,1,NA,NA,NA,NA,NA,NA,NA,NA,NA,NA,NA,NA,NA,NA,NA,NA,NA,NA,NA,NA,NA,NA,NA,NA,0,NA,NA,NA
177,0,0,0,0,20,Collect payment,NA,1606768877,1606768887,56516fda750ebd9b006f4ace136008c1,173.91.82.,41.9896#-80.3178,0,NA,NA,1,NA,NA,NA,NA,NA,NA,NA,NA,NA,NA,NA,NA,NA,NA,NA,NA,NA,NA,NA,NA,NA,NA,NA,NA,0,NA,NA,NA
178,0,0,0,0,7,estimate 1,NA,1606772038,1606772070,3f075fdcef31dbc6b90871bca84d8248,72.192.102,35.9928#-95.8152,0,NA,NA,1,NA,NA,NA,NA,NA,NA,NA,NA,NA,NA,NA,NA,NA,NA,NA,NA,NA,NA,NA,NA,NA,NA,NA,NA,0,1,NA,NA
179,0,0,0,0,20,Collect payment,NA,1606783963,1606783983,39ba4f62594b9ee05c6bc75faea42057,47.224.83.,45.013#-84.6719,0,NA,NA,1,NA,NA,NA,NA,NA,NA,NA,NA,NA,NA,NA,NA,NA,NA,NA,NA,NA,NA,NA,NA,NA,NA,NA,NA,0,NA,NA,NA
180,0,0,0,0,1,check,NA,1606843941,1606844189,4a42484af97c1d7559c3ae9870408d9f,196.17.64.,34.0544#-118.244,0,NA,NA,1,NA,NA,NA,NA,NA,NA,NA,NA,NA,NA,NA,NA,NA,NA,NA,NA,NA,NA,NA,NA,NA,NA,NA,NA,0,NA,NA,NA
181,0,0,0,0,20,Collect payment,NA,1606845011,1606845053,0794e4386ea1fa5d63b95298be92e7eb,67.211.45.,37.751#-97.822,0,NA,NA,1,NA,NA,NA,NA,NA,NA,NA,NA,NA,NA,NA,NA,NA,NA,NA,NA,NA,NA,NA,NA,NA,NA,NA,NA,0,NA,NA,NA
182,0,0,0,0,20,Collect payment,NA,1606844899,1606845068,9a69405960b52f8543f52f95b2f3f17e,174.236.14,35.0644#-89.6759,0,NA,NA,1,NA,NA,NA,NA,NA,NA,NA,NA,NA,NA,NA,NA,NA,NA,NA,NA,NA,NA,NA,NA,NA,NA,NA,NA,0,NA,NA,NA
183,0,0,0,0,20,Collect payment,NA,1606845787,1606845799,40787ff3294f8e290cfd3fd46ba8ced2,192.3.15.1,41.6587#-81.4445,0,NA,NA,1,NA,NA,NA,NA,NA,NA,NA,NA,NA,NA,NA,NA,NA,NA,NA,NA,NA,NA,NA,NA,NA,NA,NA,NA,0,NA,NA,NA
184,0,0,0,0,20,Collect payment,NA,1606845297,1606845330,75a12d601be1650421c1befd2549f7f6,192.64.85.,37.751#-97.822,0,NA,NA,1,NA,NA,NA,NA,NA,NA,NA,NA,NA,NA,NA,NA,NA,NA,NA,NA,NA,NA,NA,NA,NA,NA,NA,NA,0,NA,NA,NA
185,0,0,0,0,20,Collect payment,NA,1606845447,1606845457,728b7b8aceecebcfecaef0c2a177214c,103.148.33,20.0063#77.006,0,NA,NA,1,NA,NA,NA,NA,NA,NA,NA,NA,NA,NA,NA,NA,NA,NA,NA,NA,NA,NA,NA,NA,NA,NA,NA,NA,0,NA,NA,NA
186,0,0,0,0,1,estimate 1,NA,1606846299,1606846359,5b72207f0e18f2ef4ccc1156b8e3677b,38.68.51.1,37.751#-97.822,0,NA,NA,1,NA,NA,NA,NA,NA,NA,NA,NA,NA,NA,NA,NA,NA,NA,NA,NA,NA,NA,NA,NA,NA,NA,NA,NA,0,1,NA,NA
187,0,0,0,0,1,check,NA,1606843975,1606844551,acfc8af9c4360f78e0c902462dd3f56e,173.242.12,37.8589#-86.0069,0,NA,NA,1,NA,NA,NA,NA,NA,NA,NA,NA,NA,NA,NA,NA,NA,NA,NA,NA,NA,NA,NA,NA,NA,NA,NA,NA,0,NA,NA,NA
188,0,0,0,0,20,Collect payment,NA,1606844862,1606844887,99a088404c325a25d4eb8db7db644537,68.198.160,40.9015#-72.8902,0,NA,NA,1,NA,NA,NA,NA,NA,NA,NA,NA,NA,NA,NA,NA,NA,NA,NA,NA,NA,NA,NA,NA,NA,NA,NA,NA,0,NA,NA,NA
189,0,0,0,0,20,Collect payment,NA,1606845207,1606845251,bcf2bba8d6508602c069fcdf6d79524c,73.16.135.,41.6835#-72.7953,0,NA,NA,1,NA,NA,NA,NA,NA,NA,NA,NA,NA,NA,NA,NA,NA,NA,NA,NA,NA,NA,NA,NA,NA,NA,NA,NA,0,NA,NA,NA
190,0,0,0,0,20,Collect payment,NA,1606845288,1606845304,8b44b936e7ecefcba237bf94715a0817,68.103.96.,38.3746#-97.673,0,NA,NA,1,NA,NA,NA,NA,NA,NA,NA,NA,NA,NA,NA,NA,NA,NA,NA,NA,NA,NA,NA,NA,NA,NA,NA,NA,0,NA,NA,NA
191,0,0,0,0,1,check,NA,1606844021,1606844345,f193cc01a1e66375f52503cfbf7491ea,45.71.19.1,40.6994#-73.8883,0,NA,NA,1,NA,NA,NA,NA,NA,NA,NA,NA,NA,NA,NA,NA,NA,NA,NA,NA,NA,NA,NA,NA,NA,NA,NA,NA,0,NA,NA,NA
192,0,0,0,0,20,Collect payment,NA,1606845371,1606845417,d8fbdb295b9ac1330601f405c589581c,24.88.15.1,36.3402#-79.6622,0,NA,NA,1,NA,NA,NA,NA,NA,NA,NA,NA,NA,NA,NA,NA,NA,NA,NA,NA,NA,NA,NA,NA,NA,NA,NA,NA,0,NA,NA,NA
193,0,0,0,0,7,confidence,NA,1606844628,1606844659,bca80dd7bfc3e5b8c0e13049cfee4afd,70.143.108,30.0409#-95.5302,0,NA,NA,1,NA,NA,NA,NA,NA,NA,NA,NA,NA,NA,NA,NA,NA,NA,NA,NA,NA,NA,NA,NA,NA,NA,NA,NA,0,1,NA,NA
194,0,0,0,0,0,NA,NA,0,0,ea1b520c83a7dcf08dba870d5d99d285,73.161.247,42.683#-83.388,0,NA,NA,NA,NA,NA,NA,NA,NA,NA,NA,NA,NA,NA,NA,NA,NA,NA,NA,NA,NA,NA,NA,NA,NA,NA,NA,NA,NA,NA,NA,NA
195,0,0,0,0,20,Collect payment,NA,1606845078,1606845087,a6e6bd475558717a8beb870c69c746b8,173.56.250,40.7584#-73.7973,0,NA,NA,1,NA,NA,NA,NA,NA,NA,NA,NA,NA,NA,NA,NA,NA,NA,NA,NA,NA,NA,NA,NA,NA,NA,NA,NA,0,NA,NA,NA
196,0,0,0,0,1,check,NA,1606844057,0,3c0d29b895393764c463f360992c6bd9,98.117.55.,39.37#-76.6745,0,NA,NA,1,NA,NA,NA,NA,NA,NA,NA,NA,NA,NA,NA,NA,NA,NA,NA,NA,NA,NA,NA,NA,NA,NA,NA,NA,NA,NA,NA,NA
197,0,0,0,0,7,confidence,NA,1606844589,1606844621,45c2b1e1ab4310a63581782e8f94ea69,71.210.168,36.3942#-78.9863,0,NA,NA,1,NA,NA,NA,NA,NA,NA,NA,NA,NA,NA,NA,NA,NA,NA,NA,NA,NA,NA,NA,NA,NA,NA,NA,NA,0,1,NA,NA
198,0,0,0,0,20,Collect payment,NA,1606845365,1606845409,6d01386b54f9f46e1247286a7cec574d,162.244.21,39.0682#-120.7224,0,NA,NA,1,NA,NA,NA,NA,NA,NA,NA,NA,NA,NA,NA,NA,NA,NA,NA,NA,NA,NA,NA,NA,NA,NA,NA,NA,0,NA,NA,NA
199,0,0,0,0,5,estimate 1,NA,1606845661,1606845694,2e5dbcd85351df12526cb7aa0fd5ced8,70.123.249,29.58#-98.2753,0,NA,NA,1,NA,NA,NA,NA,NA,NA,NA,NA,NA,NA,NA,NA,NA,NA,NA,NA,NA,NA,NA,NA,NA,NA,NA,NA,0,1,NA,NA
200,0,0,0,0,19,watch pic,NA,1606847787,1606847797,514ee454cd4e0aff3db6fda4dc78ce6b,174.82.52.,32.8685#-97.2863,0,NA,NA,1,NA,NA,NA,NA,NA,NA,NA,NA,NA,NA,NA,NA,NA,NA,NA,NA,NA,NA,NA,NA,NA,NA,NA,NA,0,NA,NA,NA
201,0,0,0,0,1,estimate 1,NA,1606846422,1606846550,01f7f8a5ab8bf85ed77bcb3cbb359a6c,154.9.81.1,37.751#-97.822,0,NA,NA,1,NA,NA,NA,NA,NA,NA,NA,NA,NA,NA,NA,NA,NA,NA,NA,NA,NA,NA,NA,NA,NA,NA,NA,NA,NA,1,NA,NA
202,0,0,0,0,20,Collect payment,NA,1606844992,1606845022,c58679f64585ce77127aeda90f9e1f28,173.28.202,41.6344#-91.5054,0,NA,NA,1,NA,NA,NA,NA,NA,NA,NA,NA,NA,NA,NA,NA,NA,NA,NA,NA,NA,NA,NA,NA,NA,NA,NA,NA,0,NA,NA,NA
203,0,0,0,0,2,confidence,NA,1606844647,1606844680,6b06969f54620588978398ac476d19ba,208.203.21,37.751#-97.822,0,NA,NA,1,NA,NA,NA,NA,NA,NA,NA,NA,NA,NA,NA,NA,NA,NA,NA,NA,NA,NA,NA,NA,NA,NA,NA,NA,0,1,NA,NA
204,0,0,0,0,2,estimate 2,NA,1606844770,1606844806,5f8de93adfab5bbe248490443840f11f,196.16.111,34.0544#-118.244,0,NA,NA,1,NA,NA,NA,NA,NA,NA,NA,NA,NA,NA,NA,NA,NA,NA,NA,NA,NA,NA,NA,NA,NA,NA,NA,NA,0,1,NA,NA
205,0,0,0,0,1,check,NA,1606844172,1606844434,84ce499e16858e9c804e84efff982114,196.17.65.,34.0544#-118.244,0,NA,NA,1,NA,NA,NA,NA,NA,NA,NA,NA,NA,NA,NA,NA,NA,NA,NA,NA,NA,NA,NA,NA,NA,NA,NA,NA,0,NA,NA,NA
206,0,0,0,0,1,check,NA,1606844192,1606844374,c15611ef7c5f5f87b77621b765525bf1,67.168.75.,48.3108#-122.6322,0,NA,NA,1,NA,NA,NA,NA,NA,NA,NA,NA,NA,NA,NA,NA,NA,NA,NA,NA,NA,NA,NA,NA,NA,NA,NA,NA,0,NA,NA,NA
207,0,0,0,0,8,confidence,NA,1606844983,1606845014,9b4f3e61a0ef50f923e0f0ca6b40bee7,68.106.239,33.3504#-111.782,0,NA,NA,1,NA,NA,NA,NA,NA,NA,NA,NA,NA,NA,NA,NA,NA,NA,NA,NA,NA,NA,NA,NA,NA,NA,NA,NA,0,1,NA,NA
208,0,0,0,0,20,Collect payment,NA,1606845588,1606845618,7d81e5457d9092d3db10183277df1b20,71.175.44.,39.904#-75.5089,0,NA,NA,1,NA,NA,NA,NA,NA,NA,NA,NA,NA,NA,NA,NA,NA,NA,NA,NA,NA,NA,NA,NA,NA,NA,NA,NA,0,NA,NA,NA
209,0,0,0,0,20,Collect payment,NA,1606845670,1606845735,1b574445f30932ae266c1703e01f85f1,63.142.229,38.1583#-121.6091,0,NA,NA,1,NA,NA,NA,NA,NA,NA,NA,NA,NA,NA,NA,NA,NA,NA,NA,NA,NA,NA,NA,NA,NA,NA,NA,NA,0,NA,NA,NA
210,0,0,0,0,20,Collect payment,NA,1606844992,1606845017,7157665c4a21013c793401e966dd78ad,185.191.23,41.8777#-87.6376,0,NA,NA,1,NA,NA,NA,NA,NA,NA,NA,NA,NA,NA,NA,NA,NA,NA,NA,NA,NA,NA,NA,NA,NA,NA,NA,NA,0,NA,NA,NA
211,0,0,0,0,7,estimate 2,NA,1606845478,1606845513,bfccef76768cf5fda4babab171d31d21,142.255.23,40.757#-73.7283,0,NA,NA,1,NA,NA,NA,NA,NA,NA,NA,NA,NA,NA,NA,NA,NA,NA,NA,NA,NA,NA,NA,NA,NA,NA,NA,NA,0,1,NA,NA
212,0,0,0,0,16,confidence,NA,1606845567,1606845601,a263e65b3750875f6a1432b069e43efe,196.16.109,34.0544#-118.244,0,NA,NA,1,NA,NA,NA,NA,NA,NA,NA,NA,NA,NA,NA,NA,NA,NA,NA,NA,NA,NA,NA,NA,NA,NA,NA,NA,0,1,NA,NA
213,0,0,0,0,9,confidence,NA,1606844997,1606845030,545a531fbe6a0523596140f673eddf4b,196.17.67.,34.0544#-118.244,0,NA,NA,1,NA,NA,NA,NA,NA,NA,NA,NA,NA,NA,NA,NA,NA,NA,NA,NA,NA,NA,NA,NA,NA,NA,NA,NA,0,1,NA,NA
214,0,0,0,0,19,estimate 1,NA,1606845830,1606845862,dea7426f702b024b9b9ba7d25bf6bc42,8.44.142.2,32.7948#-96.7697,0,NA,NA,1,NA,NA,NA,NA,NA,NA,NA,NA,NA,NA,NA,NA,NA,NA,NA,NA,NA,NA,NA,NA,NA,NA,NA,NA,0,1,NA,NA
215,0,0,0,0,20,Collect payment,NA,1606845502,1606845534,399e9bdc0773a821444442e50eef9f2b,174.55.79.,39.9534#-76.7942,0,NA,NA,1,NA,NA,NA,NA,NA,NA,NA,NA,NA,NA,NA,NA,NA,NA,NA,NA,NA,NA,NA,NA,NA,NA,NA,NA,0,NA,NA,NA
216,0,0,0,0,20,Collect payment,NA,1606845231,1606845243,e31a39f0ffe412ce8dac8ea6a662d8a5,66.117.140,37.8767#-122.2676,0,NA,NA,1,NA,NA,NA,NA,NA,NA,NA,NA,NA,NA,NA,NA,NA,NA,NA,NA,NA,NA,NA,NA,NA,NA,NA,NA,0,NA,NA,NA
217,0,0,0,0,1,check,NA,1606844403,1606844553,eea5fe9ad875949639e4f556c1514528,72.134.48.,37.751#-97.822,0,NA,NA,1,NA,NA,NA,NA,NA,NA,NA,NA,NA,NA,NA,NA,NA,NA,NA,NA,NA,NA,NA,NA,NA,NA,NA,NA,0,NA,NA,NA
218,0,0,0,0,20,Collect payment,NA,1606845827,1606845843,a2c98f75fc6c46bca8c64ff4ed8b66fd,68.10.30.1,36.7646#-76.3408,0,NA,NA,1,NA,NA,NA,NA,NA,NA,NA,NA,NA,NA,NA,NA,NA,NA,NA,NA,NA,NA,NA,NA,NA,NA,NA,NA,0,NA,NA,NA
219,0,0,0,0,20,Collect payment,NA,1606845319,1606845334,0bd2ab7f476ca7d4d3d9ac73725576ec,184.55.148,44.1807#-88.476,0,NA,NA,1,NA,NA,NA,NA,NA,NA,NA,NA,NA,NA,NA,NA,NA,NA,NA,NA,NA,NA,NA,NA,NA,NA,NA,NA,0,NA,NA,NA
220,0,0,0,0,20,Collect payment,NA,1606846281,1606846309,71af5e65fb4d7f6a89ea2f09284c651a,66.27.180.,33.7645#-116.3369,0,NA,NA,1,NA,NA,NA,NA,NA,NA,NA,NA,NA,NA,NA,NA,NA,NA,NA,NA,NA,NA,NA,NA,NA,NA,NA,NA,0,NA,NA,NA
221,0,0,0,0,20,Collect payment,NA,1606845778,1606845839,9896017e7be8781733a8528de93510a4,98.127.92.,41.439#-105.801,0,NA,NA,1,NA,NA,NA,NA,NA,NA,NA,NA,NA,NA,NA,NA,NA,NA,NA,NA,NA,NA,NA,NA,NA,NA,NA,NA,0,NA,NA,NA
222,0,0,0,0,12,estimate 1,NA,1606845446,1606845478,fc4196eb655fcc7847df39a4fa794c60,98.188.98.,37.751#-97.822,0,NA,NA,1,NA,NA,NA,NA,NA,NA,NA,NA,NA,NA,NA,NA,NA,NA,NA,NA,NA,NA,NA,NA,NA,NA,NA,NA,0,1,NA,NA
223,0,0,0,0,5,confidence,NA,1606845227,1606845260,00f44753d7808955fc835446d6b0f274,196.17.66.,34.0544#-118.244,0,NA,NA,1,NA,NA,NA,NA,NA,NA,NA,NA,NA,NA,NA,NA,NA,NA,NA,NA,NA,NA,NA,NA,NA,NA,NA,NA,0,1,NA,NA
224,0,0,0,0,20,Collect payment,NA,1606846009,1606846022,125a1e67508a4508d55393442d40f1f0,69.230.149,33.8656#-84.0725,0,NA,NA,1,NA,NA,NA,NA,NA,NA,NA,NA,NA,NA,NA,NA,NA,NA,NA,NA,NA,NA,NA,NA,NA,NA,NA,NA,0,NA,NA,NA
225,0,0,0,0,20,Collect payment,NA,1606845800,1606845810,e7fbd803d01ad1879ca2c6d878d4f9c0,12.221.146,37.751#-97.822,0,NA,NA,1,NA,NA,NA,NA,NA,NA,NA,NA,NA,NA,NA,NA,NA,NA,NA,NA,NA,NA,NA,NA,NA,NA,NA,NA,0,NA,NA,NA
226,0,0,0,0,20,Collect payment,NA,1606846317,1606846333,8612ff73a40d7bb8d0d77078e9d2b7f3,45.20.101.,26.6598#-80.2429,0,NA,NA,1,NA,NA,NA,NA,NA,NA,NA,NA,NA,NA,NA,NA,NA,NA,NA,NA,NA,NA,NA,NA,NA,NA,NA,NA,0,NA,NA,NA
227,0,0,0,0,20,Collect payment,NA,1606845888,1606845947,ada114e48355742c69620d0317a0246e,73.111.61.,42.0992#-88.2927,0,NA,NA,1,NA,NA,NA,NA,NA,NA,NA,NA,NA,NA,NA,NA,NA,NA,NA,NA,NA,NA,NA,NA,NA,NA,NA,NA,0,NA,NA,NA
228,0,0,0,0,20,Collect payment,NA,1606845528,1606845570,dc4989e47236a2357e4d1f5b5b9d1564,74.215.137,39.2413#-84.5455,0,NA,NA,1,NA,NA,NA,NA,NA,NA,NA,NA,NA,NA,NA,NA,NA,NA,NA,NA,NA,NA,NA,NA,NA,NA,NA,NA,0,NA,NA,NA
229,0,0,0,0,20,Collect payment,NA,1606845139,1606845145,782f212458bfff8f8a5f90d5952c5a73,68.197.69.,40.5802#-74.3594,0,NA,NA,1,NA,NA,NA,NA,NA,NA,NA,NA,NA,NA,NA,NA,NA,NA,NA,NA,NA,NA,NA,NA,NA,NA,NA,NA,0,NA,NA,NA
230,0,0,0,0,20,Collect payment,NA,1606846112,1606846147,577c8721d4f5c68f54e4cc7b8fbf1944,196.17.64.,34.0544#-118.244,0,NA,NA,1,NA,NA,NA,NA,NA,NA,NA,NA,NA,NA,NA,NA,NA,NA,NA,NA,NA,NA,NA,NA,NA,NA,NA,NA,0,NA,NA,NA
231,0,0,0,0,20,Collect payment,NA,1606845865,1606845876,dfd51b37fa3a68fc7aa32ad4bb3929b0,72.209.51.,41.776#-72.5283,0,NA,NA,1,NA,NA,NA,NA,NA,NA,NA,NA,NA,NA,NA,NA,NA,NA,NA,NA,NA,NA,NA,NA,NA,NA,NA,NA,0,NA,NA,NA
232,0,0,0,0,20,Collect payment,NA,1606845660,1606845717,5feeea4aae2f7b0f13bd417dc9a79397,73.7.250.1,33.8654#-84.3385,0,NA,NA,1,NA,NA,NA,NA,NA,NA,NA,NA,NA,NA,NA,NA,NA,NA,NA,NA,NA,NA,NA,NA,NA,NA,NA,NA,0,NA,NA,NA
233,0,0,0,0,20,Collect payment,NA,1606845553,1606845568,2b72088eb587ca33ed8f17f4685ce8fe,184.61.239,42.8235#-84.233,0,NA,NA,1,NA,NA,NA,NA,NA,NA,NA,NA,NA,NA,NA,NA,NA,NA,NA,NA,NA,NA,NA,NA,NA,NA,NA,NA,0,NA,NA,NA
234,0,0,0,0,20,Collect payment,0,1606845601,1606855198,b9df67f2e7c98c9a17a5680ef0a019d6,38.68.51.5,37.751#-97.822,0,NA,NA,1,NA,NA,NA,NA,NA,NA,NA,NA,NA,NA,NA,NA,NA,NA,NA,NA,NA,NA,NA,NA,NA,NA,NA,NA,0,NA,NA,NA
235,0,0,0,0,20,Collect payment,NA,1606846368,1606846416,841f583637613bc5bc67de8dad4db8a3,72.14.119.,48.7048#-95.7504,0,NA,NA,1,NA,NA,NA,NA,NA,NA,NA,NA,NA,NA,NA,NA,NA,NA,NA,NA,NA,NA,NA,NA,NA,NA,NA,NA,0,NA,NA,NA
236,0,0,0,0,20,Collect payment,NA,1606846170,1606846187,327da8307b9617ab39cb6ca7a52a5701,8.44.142.2,32.7948#-96.7697,0,NA,NA,1,NA,NA,NA,NA,NA,NA,NA,NA,NA,NA,NA,NA,NA,NA,NA,NA,NA,NA,NA,NA,NA,NA,NA,NA,0,NA,NA,NA
237,0,0,0,0,20,Collect payment,NA,1606846647,1606846682,39af3646e31a90474037d73524f899cf,196.17.64.,34.0544#-118.244,0,NA,NA,1,NA,NA,NA,NA,NA,NA,NA,NA,NA,NA,NA,NA,NA,NA,NA,NA,NA,NA,NA,NA,NA,NA,NA,NA,0,NA,NA,NA
238,0,0,0,0,20,Collect payment,NA,1606846137,1606846155,e6c5d4bb19391b1ffbf9aeface3a1149,108.21.192,40.7359#-73.9904,0,NA,NA,1,NA,NA,NA,NA,NA,NA,NA,NA,NA,NA,NA,NA,NA,NA,NA,NA,NA,NA,NA,NA,NA,NA,NA,NA,0,NA,NA,NA
239,0,0,0,0,20,Collect payment,NA,1606846201,1606846222,8099d4ea4f4706e691d8b37365fc639e,70.172.187,37.751#-97.822,0,NA,NA,1,NA,NA,NA,NA,NA,NA,NA,NA,NA,NA,NA,NA,NA,NA,NA,NA,NA,NA,NA,NA,NA,NA,NA,NA,0,NA,NA,NA
240,0,0,0,0,20,Collect payment,NA,1606846469,1606846608,c4403eae1ea8ec90138c1ecba2bf3ec0,108.34.132,41.8307#-71.3982,0,NA,NA,1,NA,NA,NA,NA,NA,NA,NA,NA,NA,NA,NA,NA,NA,NA,NA,NA,NA,NA,NA,NA,NA,NA,NA,NA,0,NA,NA,NA
241,0,0,0,0,1,check,NA,1606845315,1606846305,c9007333c9bfc512cb41f31bfac8e8dd,168.91.109,39.0481#-77.4728,0,NA,NA,1,NA,NA,NA,NA,NA,NA,NA,NA,NA,NA,NA,NA,NA,NA,NA,NA,NA,NA,NA,NA,NA,NA,NA,NA,0,NA,NA,NA
242,0,0,0,0,10,confidence,NA,1606846275,1606846309,ab2308706ef152247b5eecc9ac147f87,73.102.194,39.2318#-85.8884,0,NA,NA,1,NA,NA,NA,NA,NA,NA,NA,NA,NA,NA,NA,NA,NA,NA,NA,NA,NA,NA,NA,NA,NA,NA,NA,NA,0,1,NA,NA
243,0,0,0,0,20,Collect payment,NA,1606846428,1606846438,0142cea66913131e84ccead309172bdf,74.134.167,42.0753#-80.0671,0,NA,NA,1,NA,NA,NA,NA,NA,NA,NA,NA,NA,NA,NA,NA,NA,NA,NA,NA,NA,NA,NA,NA,NA,NA,NA,NA,0,NA,NA,NA
244,0,0,0,0,13,estimate 1,NA,1606846608,1606846640,1cf3c82d2916a4de6def00bc6b6eda50,75.82.38.1,34.1004#-118.2946,0,NA,NA,1,NA,NA,NA,NA,NA,NA,NA,NA,NA,NA,NA,NA,NA,NA,NA,NA,NA,NA,NA,NA,NA,NA,NA,NA,0,1,NA,NA
245,0,0,0,0,20,Collect payment,NA,1606846276,1606846304,f21b3c8b4142260bf9097399aaf083d1,216.250.25,37.751#-97.822,0,NA,NA,1,NA,NA,NA,NA,NA,NA,NA,NA,NA,NA,NA,NA,NA,NA,NA,NA,NA,NA,NA,NA,NA,NA,NA,NA,0,NA,NA,NA
246,0,0,0,0,20,Collect payment,NA,1606846452,1606846460,93c233b19fac96e5f936d4f62f0fb3bf,202.83.58.,8.4827#76.9479,0,NA,NA,1,NA,NA,NA,NA,NA,NA,NA,NA,NA,NA,NA,NA,NA,NA,NA,NA,NA,NA,NA,NA,NA,NA,NA,NA,0,NA,NA,NA
247,0,0,0,0,20,Collect payment,NA,1606846402,1606846427,21b6090a3ca5c86ac04d5d1c8f939b6d,75.32.5.21,32.9636#-96.7468,0,NA,NA,1,NA,NA,NA,NA,NA,NA,NA,NA,NA,NA,NA,NA,NA,NA,NA,NA,NA,NA,NA,NA,NA,NA,NA,NA,0,NA,NA,NA
248,0,0,0,0,20,Collect payment,NA,1606846460,1606846472,33dd4a53bd0a37b235f200869bcd6726,97.124.58.,33.6325#-112.1277,0,NA,NA,1,NA,NA,NA,NA,NA,NA,NA,NA,NA,NA,NA,NA,NA,NA,NA,NA,NA,NA,NA,NA,NA,NA,NA,NA,0,NA,NA,NA
249,0,0,0,0,2,confidence,NA,1606845959,1606845991,f3926703e1c71fbc38591bd75f375676,71.219.214,36.7496#-80.0105,0,NA,NA,1,NA,NA,NA,NA,NA,NA,NA,NA,NA,NA,NA,NA,NA,NA,NA,NA,NA,NA,NA,NA,NA,NA,NA,NA,0,1,NA,NA
250,0,0,0,0,1,watch pic,NA,1606846581,1606846602,d89e193d4cfe3b4e038b17af08edf7d9,166.169.13,37.751#-97.822,0,NA,NA,1,NA,NA,NA,NA,NA,NA,NA,NA,NA,NA,NA,NA,NA,NA,NA,NA,NA,NA,NA,NA,NA,NA,NA,NA,0,NA,NA,NA
251,0,0,0,0,20,Collect payment,NA,1606847537,1606847564,a934406e6e2f8af02a7a209ee84849c3,45.71.19.1,40.6994#-73.8883,0,NA,NA,1,NA,NA,NA,NA,NA,NA,NA,NA,NA,NA,NA,NA,NA,NA,NA,NA,NA,NA,NA,NA,NA,NA,NA,NA,0,NA,NA,NA
252,0,0,0,0,20,Collect payment,NA,1606846815,1606846824,0d6dfbba62c1efe02904fd5bf3db6d51,73.129.179,39.3408#-76.4078,0,NA,NA,1,NA,NA,NA,NA,NA,NA,NA,NA,NA,NA,NA,NA,NA,NA,NA,NA,NA,NA,NA,NA,NA,NA,NA,NA,0,NA,NA,NA
253,0,0,0,0,20,Collect payment,NA,1606848048,1606848069,016e061a75d055a4348234fd294621c2,70.95.53.1,32.7994#-117.1686,0,NA,NA,1,NA,NA,NA,NA,NA,NA,NA,NA,NA,NA,NA,NA,NA,NA,NA,NA,NA,NA,NA,NA,NA,NA,NA,NA,0,NA,NA,NA
254,0,0,0,0,20,Collect payment,NA,1606847207,1606847271,8f5b86f80b0e3222609c2859490f227f,71.199.121,40.3695#-80.6348,0,NA,NA,1,NA,NA,NA,NA,NA,NA,NA,NA,NA,NA,NA,NA,NA,NA,NA,NA,NA,NA,NA,NA,NA,NA,NA,NA,0,NA,NA,NA
255,0,0,0,0,20,Collect payment,NA,1606847290,1606847309,83ac0b0f57ac9d615b3f76382f5dccc0,68.101.148,32.9728#-117.0379,0,NA,NA,1,NA,NA,NA,NA,NA,NA,NA,NA,NA,NA,NA,NA,NA,NA,NA,NA,NA,NA,NA,NA,NA,NA,NA,NA,0,NA,NA,NA
256,0,0,0,0,20,Collect payment,NA,1606847874,1606847928,34858b0725e4dcdcf956e1bcfe11ed35,8.17.161.2,37.751#-97.822,0,NA,NA,1,NA,NA,NA,NA,NA,NA,NA,NA,NA,NA,NA,NA,NA,NA,NA,NA,NA,NA,NA,NA,NA,NA,NA,NA,0,NA,NA,NA
257,0,0,0,0,20,Collect payment,NA,1606847674,1606847688,2d6618ca8daa41601a71d2521cc4784b,196.17.66.,34.0544#-118.244,0,NA,NA,1,NA,NA,NA,NA,NA,NA,NA,NA,NA,NA,NA,NA,NA,NA,NA,NA,NA,NA,NA,NA,NA,NA,NA,NA,0,NA,NA,NA
258,0,0,0,0,1,check,NA,1606846485,1606847067,68146fadc3140422a39410ae023e42cd,8.46.120.9,37.751#-97.822,0,NA,NA,1,NA,NA,NA,NA,NA,NA,NA,NA,NA,NA,NA,NA,NA,NA,NA,NA,NA,NA,NA,NA,NA,NA,NA,NA,0,NA,NA,NA
259,0,0,0,0,14,estimate 1,NA,1606847248,1606847279,daa47d477a4a721fe09cfb71d07af0a4,24.30.152.,33.754#-116.2664,0,NA,NA,1,NA,NA,NA,NA,NA,NA,NA,NA,NA,NA,NA,NA,NA,NA,NA,NA,NA,NA,NA,NA,NA,NA,NA,NA,0,1,NA,NA
260,0,0,0,0,6,estimate 1,NA,1606846989,1606846993,6d981c5d3819eeafd14602e0472f5daf,196.17.64.,34.0544#-118.244,0,NA,NA,1,NA,NA,NA,NA,NA,NA,NA,NA,NA,NA,NA,NA,NA,NA,NA,NA,NA,NA,NA,NA,NA,NA,NA,NA,0,1,NA,NA
261,0,0,0,0,20,Collect payment,NA,1606848026,1606848158,6abfd7be8547d422b69871d4f87a808c,104.32.37.,33.889#-118.347,0,NA,NA,1,NA,NA,NA,NA,NA,NA,NA,NA,NA,NA,NA,NA,NA,NA,NA,NA,NA,NA,NA,NA,NA,NA,NA,NA,0,NA,NA,NA
262,0,0,0,0,6,estimate 2,NA,1606847291,1606847331,6ed3265346d3e56b649b7ebce8a6d32e,69.200.246,40.7579#-73.9332,0,NA,NA,1,NA,NA,NA,NA,NA,NA,NA,NA,NA,NA,NA,NA,NA,NA,NA,NA,NA,NA,NA,NA,NA,NA,NA,NA,0,1,NA,NA
263,0,0,0,0,20,Collect payment,NA,1606847324,1606847337,96fced7fc7c1bb98652b1f5b3e383366,68.101.143,33.1165#-117.1846,0,NA,NA,1,NA,NA,NA,NA,NA,NA,NA,NA,NA,NA,NA,NA,NA,NA,NA,NA,NA,NA,NA,NA,NA,NA,NA,NA,0,NA,NA,NA
264,0,0,0,0,20,Collect payment,NA,1606848108,1606848148,b3167575458b662d4bacd9a92b8314f9,76.95.204.,34.1449#-118.3887,0,NA,NA,1,NA,NA,NA,NA,NA,NA,NA,NA,NA,NA,NA,NA,NA,NA,NA,NA,NA,NA,NA,NA,NA,NA,NA,NA,0,NA,NA,NA
265,0,0,0,0,20,Collect payment,NA,1606847671,1606847795,d6e909042ba5cb77669728f200ee8595,98.37.76.1,37.751#-97.822,0,NA,NA,1,NA,NA,NA,NA,NA,NA,NA,NA,NA,NA,NA,NA,NA,NA,NA,NA,NA,NA,NA,NA,NA,NA,NA,NA,0,NA,NA,NA
266,0,0,0,0,11,estimate 2,NA,1606847565,1606847600,735ac8a2439fbe698cf3da66bd530fb3,196.17.67.,34.0544#-118.244,0,NA,NA,1,NA,NA,NA,NA,NA,NA,NA,NA,NA,NA,NA,NA,NA,NA,NA,NA,NA,NA,NA,NA,NA,NA,NA,NA,0,1,NA,NA
267,0,0,0,0,1,check,NA,1606846763,1606847419,e4295c36172ca6133f6ce2475caa7a1d,71.200.118,38.3802#-75.6347,0,NA,NA,1,NA,NA,NA,NA,NA,NA,NA,NA,NA,NA,NA,NA,NA,NA,NA,NA,NA,NA,NA,NA,NA,NA,NA,NA,0,NA,NA,NA
268,0,0,0,0,20,Collect payment,NA,1606848206,1606848226,be2bc9a195e57dbdd390618975c2903f,98.199.86.,29.5656#-95.2747,0,NA,NA,1,NA,NA,NA,NA,NA,NA,NA,NA,NA,NA,NA,NA,NA,NA,NA,NA,NA,NA,NA,NA,NA,NA,NA,NA,0,NA,NA,NA
269,0,0,0,0,20,Collect payment,NA,1606848753,1606848776,9f987c76b4a95ea93612e755a9051200,63.160.142,37.751#-97.822,0,NA,NA,1,NA,NA,NA,NA,NA,NA,NA,NA,NA,NA,NA,NA,NA,NA,NA,NA,NA,NA,NA,NA,NA,NA,NA,NA,0,NA,NA,NA
270,0,0,0,0,20,Collect payment,NA,1606847989,1606848010,32e459ccf6da5dc92ba7da7abd0ea11f,98.224.141,42.2385#-83.1783,0,NA,NA,1,NA,NA,NA,NA,NA,NA,NA,NA,NA,NA,NA,NA,NA,NA,NA,NA,NA,NA,NA,NA,NA,NA,NA,NA,0,NA,NA,NA
271,0,0,0,0,20,Collect payment,NA,1606848075,1606848106,2fbb1b616d9721def4c659f87e0ae52c,73.187.102,40.8103#-77.888,0,NA,NA,1,NA,NA,NA,NA,NA,NA,NA,NA,NA,NA,NA,NA,NA,NA,NA,NA,NA,NA,NA,NA,NA,NA,NA,NA,0,NA,NA,NA
272,0,0,0,0,20,Collect payment,NA,1606848165,1606848196,a8b3cee23db66010f4a2ef5240d52460,64.138.233,33.7387#-78.9762,0,NA,NA,1,NA,NA,NA,NA,NA,NA,NA,NA,NA,NA,NA,NA,NA,NA,NA,NA,NA,NA,NA,NA,NA,NA,NA,NA,0,NA,NA,NA
273,0,0,0,0,7,watch pic,NA,1606847872,1606847879,f90bf3ccd75f947d6f30072e80827226,192.200.15,33.4413#-112.0421,0,NA,NA,1,NA,NA,NA,NA,NA,NA,NA,NA,NA,NA,NA,NA,NA,NA,NA,NA,NA,NA,NA,NA,NA,NA,NA,NA,0,NA,NA,NA
274,0,0,0,0,20,Collect payment,NA,1606848685,1606848714,d43883049612254c5babb0859b57f6d2,69.141.228,39.2733#-74.5876,0,NA,NA,1,NA,NA,NA,NA,NA,NA,NA,NA,NA,NA,NA,NA,NA,NA,NA,NA,NA,NA,NA,NA,NA,NA,NA,NA,0,NA,NA,NA
275,0,0,0,0,20,confidence,NA,1606848164,1606848196,623c5a70db3e271951ea8773c3ada344,76.217.93.,25.7738#-80.3584,0,NA,NA,1,NA,NA,NA,NA,NA,NA,NA,NA,NA,NA,NA,NA,NA,NA,NA,NA,NA,NA,NA,NA,NA,NA,NA,NA,0,1,NA,NA
276,0,0,0,0,17,watch pic,NA,1606848662,1606848662,8ebbd8254a1f1679f40fd5bf01cc5509,196.17.64.,34.0544#-118.244,0,NA,NA,1,NA,NA,NA,NA,NA,NA,NA,NA,NA,NA,NA,NA,NA,NA,NA,NA,NA,NA,NA,NA,NA,NA,NA,NA,0,NA,NA,NA
277,0,0,0,0,2,estimate 1,NA,1606848215,1606848248,13ba19498964720bbbb3c17df4e0432a,98.187.54.,39.0176#-95.7431,0,NA,NA,1,NA,NA,NA,NA,NA,NA,NA,NA,NA,NA,NA,NA,NA,NA,NA,NA,NA,NA,NA,NA,NA,NA,NA,NA,0,1,NA,NA
278,0,0,0,0,9,estimate 1,NA,1606847935,1606847966,59f5f696270749868c69b8df57cdf9ec,185.202.17,41.8777#-87.6376,0,NA,NA,1,NA,NA,NA,NA,NA,NA,NA,NA,NA,NA,NA,NA,NA,NA,NA,NA,NA,NA,NA,NA,NA,NA,NA,NA,0,1,NA,NA
279,0,0,0,0,20,Collect payment,NA,1606848747,1606848769,966b37e9d4f724c1af245afe1bec92b3,104.129.3.,34.0549#-118.2578,0,NA,NA,1,NA,NA,NA,NA,NA,NA,NA,NA,NA,NA,NA,NA,NA,NA,NA,NA,NA,NA,NA,NA,NA,NA,NA,NA,0,NA,NA,NA
280,0,0,0,0,1,check,NA,1606847652,1606847688,977e30f00bfec0681de038d31d1c826f,68.33.212.,39.1157#-94.6271,0,NA,NA,1,NA,NA,NA,NA,NA,NA,NA,NA,NA,NA,NA,NA,NA,NA,NA,NA,NA,NA,NA,NA,NA,NA,NA,NA,0,NA,NA,NA
281,0,0,0,0,20,Collect payment,NA,1606848350,1606848365,4cf8527ad70f77a72eb268fd7844bed5,32.208.144,41.6853#-72.9296,0,NA,NA,1,NA,NA,NA,NA,NA,NA,NA,NA,NA,NA,NA,NA,NA,NA,NA,NA,NA,NA,NA,NA,NA,NA,NA,NA,0,NA,NA,NA
282,0,0,0,0,20,Collect payment,NA,1606848445,1606848479,35ab174911fcc0df89673e0f20178bb0,47.201.61.,27.1389#-82.4548,0,NA,NA,1,NA,NA,NA,NA,NA,NA,NA,NA,NA,NA,NA,NA,NA,NA,NA,NA,NA,NA,NA,NA,NA,NA,NA,NA,0,NA,NA,NA
283,0,0,0,0,15,estimate 1,NA,1606848551,1606848584,833c275bd17d77b33fa125607c6f68af,196.17.66.,34.0544#-118.244,0,NA,NA,1,NA,NA,NA,NA,NA,NA,NA,NA,NA,NA,NA,NA,NA,NA,NA,NA,NA,NA,NA,NA,NA,NA,NA,NA,0,1,NA,NA
284,0,0,0,0,1,check,NA,1606847794,1606849428,e2b586f136784d92dcfad264ea067a1e,174.28.111,35.1871#-106.6659,0,NA,NA,1,NA,NA,NA,NA,NA,NA,NA,NA,NA,NA,NA,NA,NA,NA,NA,NA,NA,NA,NA,NA,NA,NA,NA,NA,0,NA,NA,NA
285,0,0,0,0,20,Collect payment,NA,1606849144,1606849174,9803eae4ca15e0a0b0be341638e66c62,174.104.16,40.8471#-81.3877,0,NA,NA,1,NA,NA,NA,NA,NA,NA,NA,NA,NA,NA,NA,NA,NA,NA,NA,NA,NA,NA,NA,NA,NA,NA,NA,NA,0,NA,NA,NA
286,0,0,0,0,20,Collect payment,NA,1606849173,1606849201,5015f17978026f0eec75578dd0117c88,98.26.8.15,35.7614#-78.6015,0,NA,NA,1,NA,NA,NA,NA,NA,NA,NA,NA,NA,NA,NA,NA,NA,NA,NA,NA,NA,NA,NA,NA,NA,NA,NA,NA,0,NA,NA,NA
287,0,0,0,0,8,end of round,NA,1606848326,1606848584,f10092782a0e3631dbd4ca526a8558e1,75.40.24.1,32.5607#-84.8573,0,NA,NA,1,NA,NA,NA,NA,NA,NA,NA,NA,NA,NA,NA,NA,NA,NA,NA,NA,NA,NA,NA,NA,NA,NA,NA,NA,0,NA,NA,NA
288,0,0,0,0,1,check,NA,1606847897,1606848205,b3f90fe097ab5de1f84870f99c6a615d,24.119.185,33.4796#-88.3528,0,NA,NA,1,NA,NA,NA,NA,NA,NA,NA,NA,NA,NA,NA,NA,NA,NA,NA,NA,NA,NA,NA,NA,NA,NA,NA,NA,0,NA,NA,NA
289,0,0,0,0,20,Collect payment,NA,1606848550,1606848571,9dde99a76a67b0a47455bd5b052e632c,74.143.50.,38.2182#-86.1125,0,NA,NA,1,NA,NA,NA,NA,NA,NA,NA,NA,NA,NA,NA,NA,NA,NA,NA,NA,NA,NA,NA,NA,NA,NA,NA,NA,0,NA,NA,NA
290,0,0,0,0,5,estimate 2,NA,1606849142,1606849197,c373c8f04fa0292e4182b2d6eff0fa71,71.163.134,38.9206#-76.8787,0,NA,NA,1,NA,NA,NA,NA,NA,NA,NA,NA,NA,NA,NA,NA,NA,NA,NA,NA,NA,NA,NA,NA,NA,NA,NA,NA,0,1,NA,NA
291,0,0,0,0,20,Collect payment,NA,1606848879,1606848915,82a0633eaeb1f117815c83642a6430bb,50.39.105.,45.5496#-122.8293,0,NA,NA,1,NA,NA,NA,NA,NA,NA,NA,NA,NA,NA,NA,NA,NA,NA,NA,NA,NA,NA,NA,NA,NA,NA,NA,NA,0,NA,NA,NA
292,0,0,0,0,1,check,NA,1606848159,1606848268,139afdcde04c9f7f9384bf39668af47a,107.77.249,37.751#-97.822,0,NA,NA,1,NA,NA,NA,NA,NA,NA,NA,NA,NA,NA,NA,NA,NA,NA,NA,NA,NA,NA,NA,NA,NA,NA,NA,NA,0,NA,NA,NA
293,0,0,0,0,20,Collect payment,NA,1606850168,1606850217,d6be3065a51678484ddac176c782f3e7,73.232.97.,30.0409#-95.5302,0,NA,NA,1,NA,NA,NA,NA,NA,NA,NA,NA,NA,NA,NA,NA,NA,NA,NA,NA,NA,NA,NA,NA,NA,NA,NA,NA,0,NA,NA,NA
294,0,0,0,0,20,estimate 1,NA,1606849607,1606849638,d7e039ca0a1e8fd860611272ade431bf,99.184.96.,34.8899#-82.4019,0,NA,NA,1,NA,NA,NA,NA,NA,NA,NA,NA,NA,NA,NA,NA,NA,NA,NA,NA,NA,NA,NA,NA,NA,NA,NA,NA,0,1,NA,NA
295,0,0,0,0,20,Collect payment,NA,1606849111,1606849220,890595bde2eeca70cc465d2fb750926a,172.58.141,41.9898#-87.7623,0,NA,NA,1,NA,NA,NA,NA,NA,NA,NA,NA,NA,NA,NA,NA,NA,NA,NA,NA,NA,NA,NA,NA,NA,NA,NA,NA,0,NA,NA,NA
296,0,0,0,0,20,Collect payment,NA,1606849975,1606850031,4ae10f3760ba8be802fbb6ce746e4949,98.244.64.,37.4728#-77.5906,0,NA,NA,1,NA,NA,NA,NA,NA,NA,NA,NA,NA,NA,NA,NA,NA,NA,NA,NA,NA,NA,NA,NA,NA,NA,NA,NA,0,NA,NA,NA
297,0,0,0,0,20,Collect payment,NA,1606849426,1606849444,b5cc4e7f37836f15639b19d29bd26ef0,24.125.120,33.8656#-84.0725,0,NA,NA,1,NA,NA,NA,NA,NA,NA,NA,NA,NA,NA,NA,NA,NA,NA,NA,NA,NA,NA,NA,NA,NA,NA,NA,NA,0,NA,NA,NA
298,0,0,0,0,20,Collect payment,NA,1606849458,1606849473,7bb1a6d35737ba7cde7cba37a03620d1,173.172.84,39.0537#-94.5906,0,NA,NA,1,NA,NA,NA,NA,NA,NA,NA,NA,NA,NA,NA,NA,NA,NA,NA,NA,NA,NA,NA,NA,NA,NA,NA,NA,0,NA,NA,NA
299,0,0,0,0,1,estimate 1,NA,1606849038,1606849042,cd0fa840dfdf2d95cfee0ccd52ef62d2,173.77.250,40.7109#-73.7388,0,NA,NA,1,NA,NA,NA,NA,NA,NA,NA,NA,NA,NA,NA,NA,NA,NA,NA,NA,NA,NA,NA,NA,NA,NA,NA,NA,0,NA,NA,NA
300,0,0,0,0,20,Collect payment,NA,1606849914,1606849930,1136d3d4debd8be79b8e9d6a29c27d47,71.190.200,40.6713#-73.8943,0,NA,NA,1,NA,NA,NA,NA,NA,NA,NA,NA,NA,NA,NA,NA,NA,NA,NA,NA,NA,NA,NA,NA,NA,NA,NA,NA,0,NA,NA,NA
301,0,0,0,0,1,estimate 2,NA,1606849443,1606849511,d55a00ac2dbbe0fd799750c4cf32529c,72.182.72.,30.1746#-97.8203,0,NA,NA,1,NA,NA,NA,NA,NA,NA,NA,NA,NA,NA,NA,NA,NA,NA,NA,NA,NA,NA,NA,NA,NA,NA,NA,NA,0,1,NA,NA
302,0,0,0,0,20,Collect payment,NA,1606850395,1606850428,693d678d8f52867196f1fff998f22e3b,24.111.204,44.7233#-92.4945,0,NA,NA,1,NA,NA,NA,NA,NA,NA,NA,NA,NA,NA,NA,NA,NA,NA,NA,NA,NA,NA,NA,NA,NA,NA,NA,NA,0,NA,NA,NA
303,0,0,0,0,20,Collect payment,NA,1606850494,1606850549,28ee455f264e5116a2a260330a1171e6,172.56.27.,36.0595#-86.6592,0,NA,NA,1,NA,NA,NA,NA,NA,NA,NA,NA,NA,NA,NA,NA,NA,NA,NA,NA,NA,NA,NA,NA,NA,NA,NA,NA,0,NA,NA,NA
304,0,0,0,0,20,Collect payment,NA,1606850104,1606850131,1ea71c25d1aaa8769a77f6ef2158ab7b,174.228.32,28.0508#-82.4484,0,NA,NA,1,NA,NA,NA,NA,NA,NA,NA,NA,NA,NA,NA,NA,NA,NA,NA,NA,NA,NA,NA,NA,NA,NA,NA,NA,0,NA,NA,NA
305,0,0,0,0,3,confidence,NA,1606850306,1606850340,4cd152756e4903b928e826be0078d779,196.17.65.,34.0544#-118.244,0,NA,NA,1,NA,NA,NA,NA,NA,NA,NA,NA,NA,NA,NA,NA,NA,NA,NA,NA,NA,NA,NA,NA,NA,NA,NA,NA,0,1,NA,NA
306,0,0,0,0,1,check,NA,1606849839,1606850807,dca55696c112d32d9ef5a3a5dce9be86,45.224.252,41.0129#-73.7559,0,NA,NA,1,NA,NA,NA,NA,NA,NA,NA,NA,NA,NA,NA,NA,NA,NA,NA,NA,NA,NA,NA,NA,NA,NA,NA,NA,0,NA,NA,NA
307,0,0,0,0,20,Collect payment,NA,1606850880,1606850901,3b7cbe023be9f0ff81624220548bff63,108.200.22,28.2062#-80.6874,0,NA,NA,1,NA,NA,NA,NA,NA,NA,NA,NA,NA,NA,NA,NA,NA,NA,NA,NA,NA,NA,NA,NA,NA,NA,NA,NA,0,NA,NA,NA
308,0,0,0,0,1,check,NA,1606849958,1606849982,f00738781c4002dc60648a34871718d4,196.17.65.,34.0544#-118.244,0,NA,NA,1,NA,NA,NA,NA,NA,NA,NA,NA,NA,NA,NA,NA,NA,NA,NA,NA,NA,NA,NA,NA,NA,NA,NA,NA,0,NA,NA,NA
309,0,0,0,0,20,Collect payment,0,1606851422,1606855197,6d3ee5c8e3821cf49891892f5ac79802,73.59.33.2,47.0111#-122.875,0,NA,NA,1,NA,NA,NA,NA,NA,NA,NA,NA,NA,NA,NA,NA,NA,NA,NA,NA,NA,NA,NA,NA,NA,NA,NA,NA,0,NA,NA,NA
310,0,0,0,0,20,Collect payment,NA,1606851380,1606851421,82767f38af021880681ac91fb43a79aa,50.26.165.,33.5903#-101.9371,0,NA,NA,1,NA,NA,NA,NA,NA,NA,NA,NA,NA,NA,NA,NA,NA,NA,NA,NA,NA,NA,NA,NA,NA,NA,NA,NA,0,NA,NA,NA
311,0,0,0,0,3,confidence,NA,1606851100,1606851135,ea8eddd517f97111a24b47702b7fc5be,72.180.72.,33.0326#-96.7859,0,NA,NA,1,NA,NA,NA,NA,NA,NA,NA,NA,NA,NA,NA,NA,NA,NA,NA,NA,NA,NA,NA,NA,NA,NA,NA,NA,0,1,NA,NA
312,0,0,0,0,1,check,NA,1606850705,1606851144,bdc791420c3588cc60bec71fd2bb799b,196.17.67.,34.0544#-118.244,0,NA,NA,1,NA,NA,NA,NA,NA,NA,NA,NA,NA,NA,NA,NA,NA,NA,NA,NA,NA,NA,NA,NA,NA,NA,NA,NA,0,NA,NA,NA
313,0,0,0,0,20,Collect payment,NA,1606852337,1606852947,e2cac71c3fc5d4980d550d79b962f2a3,45.71.19.1,40.6994#-73.8883,0,NA,NA,1,NA,NA,NA,NA,NA,NA,NA,NA,NA,NA,NA,NA,NA,NA,NA,NA,NA,NA,NA,NA,NA,NA,NA,NA,0,NA,NA,NA
314,0,0,0,0,20,Collect payment,NA,1606852187,1606852220,ee8d11b1630e15e9fc96b0a46eb4ded2,76.183.145,32.9636#-96.7468,0,NA,NA,1,NA,NA,NA,NA,NA,NA,NA,NA,NA,NA,NA,NA,NA,NA,NA,NA,NA,NA,NA,NA,NA,NA,NA,NA,0,NA,NA,NA
315,0,0,0,0,1,check,NA,1606851720,1606851835,0678bba798c8453ee4f53edab5ec1493,196.17.64.,34.0544#-118.244,0,NA,NA,1,NA,NA,NA,NA,NA,NA,NA,NA,NA,NA,NA,NA,NA,NA,NA,NA,NA,NA,NA,NA,NA,NA,NA,NA,0,NA,NA,NA
316,0,0,0,0,20,Collect payment,NA,1606852788,1606852810,1342055851621833f494cffdf7fc8109,76.118.255,42.2463#-70.9972,0,NA,NA,1,NA,NA,NA,NA,NA,NA,NA,NA,NA,NA,NA,NA,NA,NA,NA,NA,NA,NA,NA,NA,NA,NA,NA,NA,0,NA,NA,NA
317,0,0,0,0,20,Collect payment,NA,1606853220,1606853254,8cb1af62ec71ee7c526462ed283e4ab4,184.103.41,33.4743#-112.194,0,NA,NA,1,NA,NA,NA,NA,NA,NA,NA,NA,NA,NA,NA,NA,NA,NA,NA,NA,NA,NA,NA,NA,NA,NA,NA,NA,0,NA,NA,NA
318,0,0,0,0,20,Collect payment,NA,1606853540,1606853546,0747901801025f5fa196262340c1580c,68.205.84.,28.5504#-81.1833,0,NA,NA,1,NA,NA,NA,NA,NA,NA,NA,NA,NA,NA,NA,NA,NA,NA,NA,NA,NA,NA,NA,NA,NA,NA,NA,NA,0,NA,NA,NA
319,0,0,0,0,9,estimate 2,NA,1606852936,1606852967,b07fe6629a52ff00385a45d0e33752db,73.140.38.,47.6987#-117.4397,0,NA,NA,1,NA,NA,NA,NA,NA,NA,NA,NA,NA,NA,NA,NA,NA,NA,NA,NA,NA,NA,NA,NA,NA,NA,NA,NA,0,1,NA,NA
320,0,0,0,0,10,estimate 1,NA,1606853927,1606853934,fb451b317b106f5dcb3ebb223c6d072d,75.82.105.,34.1413#-118.6599,0,NA,NA,1,NA,NA,NA,NA,NA,NA,NA,NA,NA,NA,NA,NA,NA,NA,NA,NA,NA,NA,NA,NA,NA,NA,NA,NA,0,NA,NA,NA
321,0,0,0,0,12,estimate 2,NA,1606853532,1606853591,2fa4ac8f6c44c2f650894cc7909ac52f,185.251.2.,40.7145#-74.0029,0,NA,NA,1,NA,NA,NA,NA,NA,NA,NA,NA,NA,NA,NA,NA,NA,NA,NA,NA,NA,NA,NA,NA,NA,NA,NA,NA,0,1,NA,NA
322,0,0,0,0,1,quiz,NA,1606853230,1606853237,2b070c3d626532ccc5876af6256712a1,70.92.101.,37.825#-87.5655,0,NA,NA,1,NA,NA,NA,NA,NA,NA,NA,NA,NA,NA,NA,NA,NA,NA,NA,NA,NA,NA,NA,NA,NA,NA,NA,NA,0,NA,NA,NA
323,0,0,0,0,0,NA,NA,0,0,f90453e4ed04f191f31aaa8c72f3d08d,75.143.133,45.7045#-89.3866,0,NA,NA,NA,NA,NA,NA,NA,NA,NA,NA,NA,NA,NA,NA,NA,NA,NA,NA,NA,NA,NA,NA,NA,NA,NA,NA,NA,NA,NA,NA,NA
324,0,0,0,0,1,HIT description,1,1606853529,1606855199,5da9ded94b31ff0103b99493c0d3c159,23.127.73.,30.2423#-97.7672,0,NA,NA,1,NA,NA,NA,NA,NA,NA,NA,NA,NA,NA,NA,NA,NA,NA,NA,NA,NA,NA,NA,NA,NA,NA,NA,NA,0,NA,NA,NA
325,0,0,0,0,16,confidence,NA,1606854518,1606854551,764ca33b1bfb12d267e758517f0a2143,174.56.169,32.0176#-80.9925,0,NA,NA,1,NA,NA,NA,NA,NA,NA,NA,NA,NA,NA,NA,NA,NA,NA,NA,NA,NA,NA,NA,NA,NA,NA,NA,NA,0,1,NA,NA
326,0,0,0,0,20,Collect payment,0,1606855105,1606855199,3e96e25688ebb2d9cdc468eab3a41eeb,68.21.137.,29.8715#-90.07,0,NA,NA,1,NA,NA,NA,NA,NA,NA,NA,NA,NA,NA,NA,NA,NA,NA,NA,NA,NA,NA,NA,NA,NA,NA,NA,NA,0,NA,NA,NA
327,0,0,0,0,6,estimate 2,NA,1606854390,1606854422,082bb02271b68c1ff10adb30d88027f0,172.107.20,37.751#-97.822,0,NA,NA,1,NA,NA,NA,NA,NA,NA,NA,NA,NA,NA,NA,NA,NA,NA,NA,NA,NA,NA,NA,NA,NA,NA,NA,NA,0,1,NA,NA
328,0,0,0,0,20,Collect payment,0,1606855118,1606855158,3c6cee622d820f5dea27032b429ad8f5,73.87.184.,39.068#-76.9933,0,NA,NA,1,NA,NA,NA,NA,NA,NA,NA,NA,NA,NA,NA,NA,NA,NA,NA,NA,NA,NA,NA,NA,NA,NA,NA,NA,0,NA,NA,NA
329,0,0,0,0,16,end of round,1,1606855198,1606855199,4ffb03beb8ce1d3d37396f7c17832af0,73.26.208.,35.0813#-106.6212,0,NA,NA,1,NA,NA,NA,NA,NA,NA,NA,NA,NA,NA,NA,NA,NA,NA,NA,NA,NA,NA,NA,NA,NA,NA,NA,NA,0,NA,NA,NA
330,0,0,0,0,19,estimate 2,0,1606855195,1606855199,01a62f585d9af795ed58ef366213ad35,45.143.144,38.93#-77.35,0,NA,NA,1,NA,NA,NA,NA,NA,NA,NA,NA,NA,NA,NA,NA,NA,NA,NA,NA,NA,NA,NA,NA,NA,NA,NA,NA,0,NA,NA,NA
331,0,0,0,0,12,watch pic,1,1606855197,1606855199,b0dcd78cc9f9f75cb4678b7b74599031,173.168.12,28.4797#-82.5562,0,NA,NA,1,NA,NA,NA,NA,NA,NA,NA,NA,NA,NA,NA,NA,NA,NA,NA,NA,NA,NA,NA,NA,NA,NA,NA,NA,0,NA,NA,NA
332,0,0,0,0,5,estimate 2,1,1606855196,1606855200,396dc5783eadaeaa8b946f64b8fa3200,98.200.159,29.8738#-95.5233,0,NA,NA,1,NA,NA,NA,NA,NA,NA,NA,NA,NA,NA,NA,NA,NA,NA,NA,NA,NA,NA,NA,NA,NA,NA,NA,NA,0,NA,NA,NA
333,0,0,0,0,1,check,NA,1606854934,1606855072,07451d5032bf4ef9d7d66aeb82c01c86,23.95.221.,37.751#-97.822,0,NA,NA,1,NA,NA,NA,NA,NA,NA,NA,NA,NA,NA,NA,NA,NA,NA,NA,NA,NA,NA,NA,NA,NA,NA,NA,NA,0,NA,NA,NA
334,0,0,0,0,1,confidence,1,1606855199,1606855199,afcbe58116b6b089fa0260cc7d50f3bf,68.32.155.,42.6442#-82.8985,0,NA,NA,1,NA,NA,NA,NA,NA,NA,NA,NA,NA,NA,NA,NA,NA,NA,NA,NA,NA,NA,NA,NA,NA,NA,NA,NA,0,NA,NA,NA
335,0,0,0,0,1,check,1,1606855177,1606855198,ca4ec160a7c61735d2375543ebd533eb,196.17.66.,34.0544#-118.244,0,NA,NA,1,NA,NA,NA,NA,NA,NA,NA,NA,NA,NA,NA,NA,NA,NA,NA,NA,NA,NA,NA,NA,NA,NA,NA,NA,0,NA,NA,NA
